<?xml version="1.0" encoding="UTF-8"?>
<java class="com.threerings.export.XMLImporter" version="1.0">
<object class="[Lcom.threerings.tudey.config.AreaConfig;">
  <entry depth="1">
    <name>AOEs/Heal</name>
    <parameters>
      <entry class="com.threerings.config.Parameter$Direct">
        <name>Interval</name>
        <paths>implementation.handlers[0].interval</paths>
      </entry>
      <entry class="com.threerings.config.Parameter$Choice" depth="3">
        <outer rdepth="1"/>
        <name>Heart</name>
        <directs>
          <entry>
            <name>Health</name>
            <paths>implementation.handlers[0].action.condition.action.current</paths>
          </entry>
        </directs>
        <options>
          <entry>
            <outer rdepth="3"/>
            <name>1</name>
            <arguments>
              <key class="java.lang.String">Health</key>
              <value class="java.lang.Integer">40</value>
            </arguments>
          </entry>
          <entry>
            <outer rdepth="3"/>
            <name>2</name>
            <arguments>
              <key class="java.lang.String">Health</key>
              <value class="java.lang.Integer">80</value>
            </arguments>
          </entry>
          <entry>
            <outer rdepth="3"/>
            <name>3</name>
            <arguments>
              <key class="java.lang.String">Health</key>
              <value class="java.lang.Integer">120</value>
            </arguments>
          </entry>
        </options>
        <choice>1</choice>
      </entry>
    </parameters>
    <implementation class="com.threerings.tudey.config.AreaConfig$Original">
      <handlers>
        <entry class="com.threerings.tudey.config.HandlerConfig$Timer">
          <action class="com.threerings.tudey.config.ActionConfig$Conditional">
            <action class="com.threerings.tudey.config.ActionConfig$FireEffect">
              <effect>
                <name>Basic</name>
                <arguments>
                  <key class="java.lang.String">Attach to Target</key>
                  <value class="java.lang.Boolean">false</value>
                  <key class="java.lang.String">Lifespan</key>
                  <value class="java.lang.Integer">1000</value>
                  <key class="java.lang.String">Model</key>
                  <value class="com.threerings.config.ConfigReference">
                    <name>particle/fx_heal.dat</name>
                  </value>
                </arguments>
              </effect>
            </action>
          </action>
        </entry>
      </handlers>
    </implementation>
  </entry>
  <entry depth="1">
    <name>AOEs/Status</name>
    <parameters>
      <entry class="com.threerings.config.Parameter$Direct">
        <name>Interval</name>
        <paths>implementation.handlers[0].interval</paths>
      </entry>
      <entry class="com.threerings.config.Parameter$Choice" depth="3">
        <outer rdepth="1"/>
        <name>Status</name>
        <directs>
          <entry>
            <name>Damage Type</name>
            <paths>implementation.handlers[0].action.damage.status_condition</paths>
          </entry>
        </directs>
        <options>
          <entry>
            <outer rdepth="3"/>
            <name>Fire</name>
            <arguments>
              <key class="java.lang.String">Damage Type</key>
              <value class="com.threerings.config.ConfigReference">
                <name>Floor Traps/Fire (Scaled)</name>
              </value>
            </arguments>
          </entry>
          <entry>
            <outer rdepth="3"/>
            <name>Freeze</name>
            <arguments>
              <key class="java.lang.String">Damage Type</key>
              <value class="com.threerings.config.ConfigReference">
                <name>Floor Traps/Freeze (Scaled)</name>
              </value>
            </arguments>
          </entry>
          <entry>
            <outer rdepth="3"/>
            <name>Poison</name>
            <arguments>
              <key class="java.lang.String">Damage Type</key>
              <value class="com.threerings.config.ConfigReference">
                <name>Floor Traps/Poison (Scaled)</name>
              </value>
            </arguments>
          </entry>
          <entry>
            <outer rdepth="3"/>
            <name>Shock</name>
            <arguments>
              <key class="java.lang.String">Damage Type</key>
              <value class="com.threerings.config.ConfigReference">
                <name>Floor Traps/Shock (Scaled)</name>
              </value>
            </arguments>
          </entry>
          <entry>
            <outer rdepth="3"/>
            <name>Sleep</name>
            <arguments>
              <key class="java.lang.String">Damage Type</key>
              <value class="com.threerings.config.ConfigReference">
                <name>Floor Traps/Sleep (Scaled)</name>
              </value>
            </arguments>
          </entry>
          <entry>
            <outer rdepth="3"/>
            <name>Stun</name>
            <arguments>
              <key class="java.lang.String">Damage Type</key>
              <value class="com.threerings.config.ConfigReference">
                <name>Floor Traps/Stun (Scaled)</name>
              </value>
            </arguments>
          </entry>
        </options>
        <choice>1</choice>
      </entry>
    </parameters>
    <implementation class="com.threerings.tudey.config.AreaConfig$Original">
      <handlers>
        <entry class="com.threerings.tudey.config.HandlerConfig$Timer">
          <action class="com.threerings.projectx.dungeon.config.DungeonActionConfig$DamageRegion">
            <damage class="com.threerings.projectx.dungeon.config.DamageConfig$Status">
              <flags>8</flags>
              <statusCondition>
                <name>Fire</name>
                <arguments>
                  <key class="java.lang.String">Chance</key>
                  <value class="java.lang.Float">0.85</value>
                  <key class="java.lang.String">Power</key>
                  <value class="java.lang.Integer">50</value>
                  <key class="java.lang.String">Status Chance</key>
                  <value class="com.threerings.projectx.dungeon.data.StatusCodes$StatusChance">CUSTOM</value>
                  <key class="java.lang.String">Status Power</key>
                  <value class="com.threerings.projectx.dungeon.data.StatusCodes$StatusPower">MINOR</value>
                </arguments>
              </statusCondition>
            </damage>
          </action>
        </entry>
      </handlers>
    </implementation>
  </entry>
  <entry depth="1">
    <name>AOEs/Status (lite)</name>
    <parameters>
      <entry class="com.threerings.config.Parameter$Direct">
        <name>Interval</name>
        <paths>implementation.handlers[0].interval</paths>
      </entry>
      <entry class="com.threerings.config.Parameter$Choice" depth="3">
        <outer rdepth="1"/>
        <name>Status</name>
        <directs>
          <entry>
            <name>Damage Type</name>
            <paths>implementation.handlers[0].action.damage.status_condition</paths>
          </entry>
        </directs>
        <options>
          <entry>
            <outer rdepth="3"/>
            <name>Fire</name>
            <arguments>
              <key class="java.lang.String">Damage Type</key>
              <value class="com.threerings.config.ConfigReference">
                <name>Fire (Scaled)</name>
                <arguments>
                  <key class="java.lang.String">Chance</key>
                  <value class="java.lang.Float">1.0</value>
                  <key class="java.lang.String">Power</key>
                  <value class="java.lang.Integer">50</value>
                  <key class="java.lang.String">Status Chance</key>
                  <value class="com.threerings.projectx.dungeon.data.StatusCodes$StatusChance">MAXIMUM</value>
                  <key class="java.lang.String">Status Power</key>
                  <value class="com.threerings.projectx.dungeon.data.StatusCodes$StatusPower">MINOR</value>
                </arguments>
              </value>
            </arguments>
          </entry>
          <entry>
            <outer rdepth="3"/>
            <name>Freeze</name>
            <arguments>
              <key class="java.lang.String">Damage Type</key>
              <value class="com.threerings.config.ConfigReference">
                <name>Freeze (Scaled)</name>
                <arguments>
                  <key class="java.lang.String">Chance</key>
                  <value class="java.lang.Float">1.0</value>
                  <key class="java.lang.String">Power</key>
                  <value class="java.lang.Integer">50</value>
                  <key class="java.lang.String">Status Chance</key>
                  <value class="com.threerings.projectx.dungeon.data.StatusCodes$StatusChance">MAXIMUM</value>
                  <key class="java.lang.String">Status Power</key>
                  <value class="com.threerings.projectx.dungeon.data.StatusCodes$StatusPower">MINOR</value>
                </arguments>
              </value>
            </arguments>
          </entry>
          <entry>
            <outer rdepth="3"/>
            <name>Poison</name>
            <arguments>
              <key class="java.lang.String">Damage Type</key>
              <value class="com.threerings.config.ConfigReference">
                <name>Poison (Scaled)</name>
                <arguments>
                  <key class="java.lang.String">Chance</key>
                  <value class="java.lang.Float">1.0</value>
                  <key class="java.lang.String">Power</key>
                  <value class="java.lang.Integer">50</value>
                  <key class="java.lang.String">Status Chance</key>
                  <value class="com.threerings.projectx.dungeon.data.StatusCodes$StatusChance">MAXIMUM</value>
                  <key class="java.lang.String">Status Power</key>
                  <value class="com.threerings.projectx.dungeon.data.StatusCodes$StatusPower">MINOR</value>
                </arguments>
              </value>
            </arguments>
          </entry>
          <entry>
            <outer rdepth="3"/>
            <name>Shock</name>
            <arguments>
              <key class="java.lang.String">Damage Type</key>
              <value class="com.threerings.config.ConfigReference">
                <name>Shock (Scaled)</name>
                <arguments>
                  <key class="java.lang.String">Chance</key>
                  <value class="java.lang.Float">1.0</value>
                  <key class="java.lang.String">Power</key>
                  <value class="java.lang.Integer">50</value>
                  <key class="java.lang.String">Status Chance</key>
                  <value class="com.threerings.projectx.dungeon.data.StatusCodes$StatusChance">MAXIMUM</value>
                  <key class="java.lang.String">Status Power</key>
                  <value class="com.threerings.projectx.dungeon.data.StatusCodes$StatusPower">MINOR</value>
                </arguments>
              </value>
            </arguments>
          </entry>
          <entry>
            <outer rdepth="3"/>
            <name>Sleep</name>
            <arguments>
              <key class="java.lang.String">Damage Type</key>
              <value class="com.threerings.config.ConfigReference">
                <name>Sleep (Scaled)</name>
                <arguments>
                  <key class="java.lang.String">Chance</key>
                  <value class="java.lang.Float">1.0</value>
                  <key class="java.lang.String">Power</key>
                  <value class="java.lang.Integer">50</value>
                  <key class="java.lang.String">Status Chance</key>
                  <value class="com.threerings.projectx.dungeon.data.StatusCodes$StatusChance">MAXIMUM</value>
                  <key class="java.lang.String">Status Power</key>
                  <value class="com.threerings.projectx.dungeon.data.StatusCodes$StatusPower">MINOR</value>
                </arguments>
              </value>
            </arguments>
          </entry>
          <entry>
            <outer rdepth="3"/>
            <name>Stun</name>
            <arguments>
              <key class="java.lang.String">Damage Type</key>
              <value class="com.threerings.config.ConfigReference">
                <name>Stun (Scaled)</name>
                <arguments>
                  <key class="java.lang.String">Chance</key>
                  <value class="java.lang.Float">1.0</value>
                  <key class="java.lang.String">Power</key>
                  <value class="java.lang.Integer">50</value>
                  <key class="java.lang.String">Status Chance</key>
                  <value class="com.threerings.projectx.dungeon.data.StatusCodes$StatusChance">MAXIMUM</value>
                  <key class="java.lang.String">Status Power</key>
                  <value class="com.threerings.projectx.dungeon.data.StatusCodes$StatusPower">MINOR</value>
                </arguments>
              </value>
            </arguments>
          </entry>
        </options>
        <choice>1</choice>
      </entry>
    </parameters>
    <implementation class="com.threerings.tudey.config.AreaConfig$Original">
      <handlers>
        <entry class="com.threerings.tudey.config.HandlerConfig$Timer">
          <action class="com.threerings.projectx.dungeon.config.DungeonActionConfig$DamageRegion">
            <damage class="com.threerings.projectx.dungeon.config.DamageConfig$Status">
              <flags>8</flags>
              <statusCondition>
                <name>Fire</name>
                <arguments>
                  <key class="java.lang.String">Chance</key>
                  <value class="java.lang.Float">0.85</value>
                  <key class="java.lang.String">Power</key>
                  <value class="java.lang.Integer">50</value>
                  <key class="java.lang.String">Status Chance</key>
                  <value class="com.threerings.projectx.dungeon.data.StatusCodes$StatusChance">CUSTOM</value>
                  <key class="java.lang.String">Status Power</key>
                  <value class="com.threerings.projectx.dungeon.data.StatusCodes$StatusPower">MINOR</value>
                </arguments>
              </statusCondition>
            </damage>
          </action>
        </entry>
      </handlers>
    </implementation>
  </entry>
  <entry>
    <name>Design/Furni Area</name>
    <implementation class="com.threerings.projectx.design.config.DesignAreaConfig$Furniable">
    </implementation>
  </entry>
  <entry>
    <name>Guildhall/Chess Snap</name>
    <implementation class="com.threerings.projectx.config.ProjectXAreaConfig$Snapping">
      <snapTag>:chess</snapTag>
    </implementation>
  </entry>
  <entry>
    <name>Interaction/Open Auction House</name>
    <implementation class="com.threerings.tudey.config.AreaConfig$Original">
      <handlers>
        <entry class="com.threerings.projectx.config.ProjectXHandlerConfig$Interaction">
          <action class="com.threerings.tudey.config.ActionConfig$Compound">
            <actions>
              <entry class="com.threerings.tudey.config.ActionConfig$FireEffect">
                <effect>
                  <name>Basic</name>
                  <arguments>
                    <key class="java.lang.String">Attach to Target</key>
                    <value class="java.lang.Boolean">false</value>
                    <key class="java.lang.String">Lifespan</key>
                    <value class="java.lang.Integer">1600</value>
                    <key class="java.lang.String">Model</key>
                    <value class="com.threerings.config.ConfigReference">
                      <name>model/scripted/transient_sound_only.dat</name>
                      <arguments>
                        <key class="java.lang.String">Loop Duration</key>
                        <value class="java.lang.Float">0.0</value>
                        <key class="java.lang.String">Sounder</key>
                        <value class="com.threerings.config.ConfigReference">
                          <name>Custom/NPCs/Strangers/Speech/Default/Greeting</name>
                        </value>
                      </arguments>
                    </value>
                  </arguments>
                </effect>
              </entry>
            </actions>
          </action>
        </entry>
        <entry class="com.threerings.projectx.config.ProjectXHandlerConfig$MinimapIcon">
          <icon>
            <file>ui/minimap/vendor_auction.png</file>
          </icon>
        </entry>
      </handlers>
    </implementation>
  </entry>
  <entry>
    <name>Other/Destroy Lifts</name>
    <implementation class="com.threerings.tudey.config.AreaConfig$Original">
      <handlers>
        <entry class="com.threerings.tudey.config.HandlerConfig$IntersectionStart">
          <action class="com.threerings.tudey.config.ActionConfig$Conditional">
          </action>
        </entry>
      </handlers>
    </implementation>
  </entry>
  <entry>
    <name>Other/Tagged</name>
    <parameters>
      <entry class="com.threerings.config.Parameter$Direct">
        <name>Tag</name>
        <paths>implementation.tags.tags[0]</paths>
      </entry>
    </parameters>
  </entry>
  <entry>
    <name>Player Enter/Base</name>
    <parameters>
      <entry class="com.threerings.config.Parameter$Direct">
        <name>Color</name>
        <paths>implementation.color</paths>
      </entry>
      <entry class="com.threerings.config.Parameter$Direct">
        <name>Trigger Condition</name>
        <paths>implementation.handlers[0].action.condition.conditions[1].conditions</paths>
      </entry>
      <entry class="com.threerings.config.Parameter$Direct">
        <name>Trigger Action</name>
        <paths>implementation.handlers[0].action.action</paths>
      </entry>
    </parameters>
    <implementation class="com.threerings.tudey.config.AreaConfig$Original">
      <handlers>
        <entry class="com.threerings.tudey.config.HandlerConfig$IntersectionStart">
          <action class="com.threerings.tudey.config.ActionConfig$Conditional">
            <action class="com.threerings.tudey.config.ActionConfig$FireEffect">
            </action>
          </action>
        </entry>
      </handlers>
    </implementation>
  </entry>
  <entry>
    <name>Player Enter/Chance Encounter</name>
    <parameters>
      <entry class="com.threerings.config.Parameter$Direct">
        <name>Trigger Action</name>
        <paths>implementation.area["Trigger Action"]</paths>
      </entry>
    </parameters>
    <implementation class="com.threerings.tudey.config.AreaConfig$Derived">
      <area>
        <name>Player Enter/Base</name>
      </area>
    </implementation>
  </entry>
  <entry>
    <name>Player Enter/Custom/Ghosts in the Machine/Area Enter - Monitors</name>
    <parameters>
      <entry class="com.threerings.config.Parameter$Direct">
        <name>Monitors Tag</name>
        <paths>implementation.handlers[0].action.action.actions[0].target.tag, implementation.handlers[1].action.actions[0].target.tag</paths>
      </entry>
      <entry class="com.threerings.config.Parameter$Direct">
        <name>Action Activation Limit</name>
        <paths>implementation.handlers[0].action.condition.conditions[0].limit</paths>
      </entry>
      <entry class="com.threerings.config.Parameter$Direct">
        <name>Activation Action</name>
        <paths>implementation.handlers[0].action.action.actions[1].action</paths>
      </entry>
    </parameters>
    <implementation class="com.threerings.tudey.config.AreaConfig$Original">
      <handlers>
        <entry class="com.threerings.tudey.config.HandlerConfig$IntersectionStart">
          <action class="com.threerings.tudey.config.ActionConfig$Conditional">
            <action class="com.threerings.tudey.config.ActionConfig$Compound">
              <actions>
                <entry class="com.threerings.tudey.config.ActionConfig$Delayed">
                </entry>
              </actions>
            </action>
          </action>
        </entry>
        <entry class="com.threerings.tudey.config.HandlerConfig$IntersectionStop">
          <action class="com.threerings.tudey.config.ActionConfig$Compound">
          </action>
        </entry>
      </handlers>
    </implementation>
  </entry>
  <entry>
    <name>Player Enter/Custom/Lost Souls, change quantity</name>
    <parameters>
      <entry class="com.threerings.config.Parameter$Direct">
        <name>Trigger Condition</name>
        <paths>implementation.handlers[0].action.condition.conditions[1].conditions</paths>
      </entry>
      <entry class="com.threerings.config.Parameter$Direct">
        <name>Soul Quantity</name>
        <paths>implementation.handlers[0].action.action.actions[0].value.value</paths>
      </entry>
    </parameters>
    <implementation class="com.threerings.tudey.config.AreaConfig$Original">
      <handlers>
        <entry class="com.threerings.tudey.config.HandlerConfig$IntersectionStart">
          <action class="com.threerings.tudey.config.ActionConfig$Conditional">
            <action class="com.threerings.tudey.config.ActionConfig$Compound">
            </action>
          </action>
        </entry>
      </handlers>
    </implementation>
  </entry>
  <entry>
    <name>Player Enter/Enter and Leave</name>
    <parameters>
      <entry class="com.threerings.config.Parameter$Direct">
        <name>Color</name>
        <paths>implementation.color</paths>
      </entry>
      <entry class="com.threerings.config.Parameter$Direct">
        <name>Trigger Condition</name>
        <paths>implementation.handlers[0].action.condition.conditions[1].conditions</paths>
      </entry>
      <entry class="com.threerings.config.Parameter$Direct">
        <name>Trigger Action</name>
        <paths>implementation.handlers[0].action.action</paths>
      </entry>
      <entry class="com.threerings.config.Parameter$Direct">
        <name>Exit Shape Expansion</name>
        <paths>implementation.handlers[1].shape.expansion</paths>
      </entry>
      <entry class="com.threerings.config.Parameter$Direct">
        <name>Exit Action</name>
        <paths>implementation.handlers[1].action</paths>
      </entry>
    </parameters>
    <implementation class="com.threerings.tudey.config.AreaConfig$Original">
      <handlers>
        <entry class="com.threerings.tudey.config.HandlerConfig$IntersectionStart">
          <action class="com.threerings.tudey.config.ActionConfig$Conditional">
            <action class="com.threerings.tudey.config.ActionConfig$FireEffect">
            </action>
          </action>
        </entry>
        <entry class="com.threerings.tudey.config.HandlerConfig$IntersectionStop">
          <action class="com.threerings.tudey.config.ActionConfig$FireEffect">
          </action>
        </entry>
      </handlers>
    </implementation>
  </entry>
  <entry>
    <name>Player Enter/Progress Event</name>
    <parameters>
      <entry class="com.threerings.config.Parameter$Direct">
        <name>Level</name>
        <paths>implementation.area["Trigger Action"].level</paths>
      </entry>
      <entry class="com.threerings.config.Parameter$Direct">
        <name>Progress</name>
        <paths>implementation.area["Trigger Action"].progress</paths>
      </entry>
    </parameters>
    <implementation class="com.threerings.tudey.config.AreaConfig$Derived">
      <area>
        <name>Player Enter/Base</name>
      </area>
    </implementation>
  </entry>
  <entry>
    <name>Player Enter/Spawn Activate</name>
    <parameters>
      <entry class="com.threerings.config.Parameter$Direct">
        <name>Trigger Action</name>
        <paths>implementation.area["Trigger Action"]</paths>
      </entry>
    </parameters>
    <implementation class="com.threerings.tudey.config.AreaConfig$Derived">
      <area>
        <name>Player Enter/Base</name>
      </area>
    </implementation>
  </entry>
  <entry>
    <name>Portals/Guild List</name>
    <implementation class="com.threerings.tudey.config.AreaConfig$Original">
      <handlers>
        <entry class="com.threerings.tudey.config.HandlerConfig$IntersectionStart">
        </entry>
      </handlers>
    </implementation>
  </entry>
  <entry>
    <name>Portals/Leave Party</name>
    <implementation class="com.threerings.tudey.config.AreaConfig$Original">
      <handlers>
        <entry class="com.threerings.tudey.config.HandlerConfig$IntersectionStart">
          <action class="com.threerings.tudey.config.ActionConfig$Compound">
            <actions>
              <entry class="com.threerings.projectx.dungeon.config.DungeonActionConfig$LeaveParty">
              </entry>
            </actions>
          </action>
        </entry>
      </handlers>
    </implementation>
  </entry>
  <entry>
    <name>Portals/Next Floor</name>
    <implementation class="com.threerings.tudey.config.AreaConfig$Original">
      <handlers>
        <entry class="com.threerings.tudey.config.HandlerConfig$IntersectionStart">
          <action class="com.threerings.tudey.config.ActionConfig$Conditional">
            <action class="com.threerings.projectx.dungeon.config.DungeonActionConfig$NextFloor">
            </action>
          </action>
        </entry>
      </handlers>
    </implementation>
  </entry>
  <entry>
    <name>Portals/Portal</name>
    <parameters>
      <entry class="com.threerings.config.Parameter$Direct">
        <name>Tag</name>
        <paths>implementation.tags.tags[0]</paths>
      </entry>
      <entry class="com.threerings.config.Parameter$Direct">
        <name>Scene ID</name>
        <paths>implementation.handlers[0].action.scene_id</paths>
      </entry>
      <entry class="com.threerings.config.Parameter$Direct">
        <name>Portal</name>
        <paths>implementation.handlers[0].action.portal</paths>
      </entry>
      <entry class="com.threerings.config.Parameter$Direct">
        <name>Minimap Icon</name>
        <paths>implementation.handlers[1].icon</paths>
      </entry>
    </parameters>
    <implementation class="com.threerings.tudey.config.AreaConfig$Original">
      <handlers>
        <entry class="com.threerings.tudey.config.HandlerConfig$IntersectionStart">
        </entry>
        <entry class="com.threerings.projectx.config.ProjectXHandlerConfig$MinimapIcon">
          <always>true</always>
        </entry>
      </handlers>
    </implementation>
  </entry>
  <entry>
    <name>Portals/Return Home</name>
    <implementation class="com.threerings.tudey.config.AreaConfig$Original">
      <handlers>
        <entry class="com.threerings.tudey.config.HandlerConfig$IntersectionStart">
        </entry>
      </handlers>
    </implementation>
  </entry>
  <entry>
    <name>Portals/Return To Last</name>
    <implementation class="com.threerings.tudey.config.AreaConfig$Original">
      <handlers>
        <entry class="com.threerings.tudey.config.HandlerConfig$IntersectionStart">
        </entry>
      </handlers>
    </implementation>
  </entry>
  <entry>
    <name>Portals/To Advanced Training</name>
    <implementation class="com.threerings.tudey.config.AreaConfig$Original">
      <handlers>
        <entry class="com.threerings.tudey.config.HandlerConfig$IntersectionStart">
        </entry>
        <entry class="com.threerings.projectx.config.ProjectXHandlerConfig$MinimapIcon">
          <icon>
            <file>ui/minimap/vendor_traininghall.png</file>
          </icon>
          <always>true</always>
        </entry>
      </handlers>
    </implementation>
  </entry>
  <entry>
    <name>Portals/To Guild Training</name>
    <parameters>
      <entry class="com.threerings.config.Parameter$Direct">
        <name>Floor</name>
        <paths>implementation.handlers[0].action.floor</paths>
      </entry>
      <entry class="com.threerings.config.Parameter$Direct">
        <name>Portal</name>
        <paths>implementation.handlers[0].action.portal</paths>
      </entry>
    </parameters>
    <implementation class="com.threerings.tudey.config.AreaConfig$Original">
      <handlers>
        <entry class="com.threerings.tudey.config.HandlerConfig$IntersectionStart">
        </entry>
        <entry class="com.threerings.projectx.config.ProjectXHandlerConfig$MinimapIcon">
          <icon>
            <file>ui/minimap/vendor_traininghall.png</file>
          </icon>
          <always>true</always>
        </entry>
      </handlers>
    </implementation>
  </entry>
  <entry>
    <name>Portals/To Guildhall</name>
    <implementation class="com.threerings.tudey.config.AreaConfig$Original">
      <handlers>
        <entry class="com.threerings.tudey.config.HandlerConfig$IntersectionStart">
          <action class="com.threerings.projectx.guild.config.GuildActionConfig$MoveToGuildhall">
            <portal class="com.threerings.tudey.config.ActionConfig$TaggedPortal">
              <tag>from_guild_training</tag>
            </portal>
          </action>
        </entry>
      </handlers>
    </implementation>
  </entry>
  <entry>
    <name>Portals/To Hall of Heroes</name>
    <implementation class="com.threerings.tudey.config.AreaConfig$Original">
      <handlers>
        <entry class="com.threerings.tudey.config.HandlerConfig$IntersectionStart">
        </entry>
      </handlers>
    </implementation>
  </entry>
  <entry>
    <name>Portals/To Laboratory</name>
    <implementation class="com.threerings.tudey.config.AreaConfig$Original">
      <handlers>
        <entry class="com.threerings.tudey.config.HandlerConfig$IntersectionStart">
        </entry>
      </handlers>
    </implementation>
  </entry>
  <entry>
    <name>Portals/To Town</name>
    <parameters>
      <entry class="com.threerings.config.Parameter$Direct">
        <name>Town Name</name>
        <paths>implementation.handlers[0].action.town_name</paths>
      </entry>
    </parameters>
    <implementation class="com.threerings.tudey.config.AreaConfig$Original">
      <handlers>
        <entry class="com.threerings.tudey.config.HandlerConfig$IntersectionStart">
        </entry>
      </handlers>
    </implementation>
  </entry>
  <entry>
    <name>Portals/Town Portal</name>
    <parameters>
      <entry class="com.threerings.config.Parameter$Direct">
        <name>Town Name</name>
        <paths>implementation.handlers[0].action.town_name</paths>
      </entry>
      <entry class="com.threerings.config.Parameter$Direct">
        <name>Scene Name</name>
        <paths>implementation.handlers[0].action.scene_internal_id</paths>
      </entry>
      <entry class="com.threerings.config.Parameter$Direct">
        <name>Portal</name>
        <paths>implementation.handlers[0].action.portal</paths>
      </entry>
    </parameters>
    <implementation class="com.threerings.tudey.config.AreaConfig$Original">
      <handlers>
        <entry class="com.threerings.tudey.config.HandlerConfig$IntersectionStart">
        </entry>
      </handlers>
    </implementation>
  </entry>
  <entry>
    <name>PvP/Allow Loadout Change</name>
    <implementation class="com.threerings.tudey.config.AreaConfig$Original">
      <handlers>
        <entry class="com.threerings.tudey.config.HandlerConfig$Intersection">
          <action class="com.threerings.projectx.dungeon.config.DungeonActionConfig$SetEquipPolicy">
            <equipPolicy>PVP_LOADOUT</equipPolicy>
          </action>
        </entry>
      </handlers>
    </implementation>
  </entry>
  <entry>
    <name>PvP/Disallow Loadout Change</name>
    <implementation class="com.threerings.tudey.config.AreaConfig$Original">
      <handlers>
        <entry class="com.threerings.tudey.config.HandlerConfig$IntersectionStop">
          <action class="com.threerings.projectx.dungeon.config.DungeonActionConfig$SetEquipPolicy">
          </action>
        </entry>
        <entry class="com.threerings.tudey.config.HandlerConfig$IntersectionStart">
          <action class="com.threerings.projectx.dungeon.config.DungeonActionConfig$SetEquipPolicy">
          </action>
        </entry>
      </handlers>
    </implementation>
  </entry>
  <entry>
    <name>PvP/Lockdown/Guardian</name>
    <implementation class="com.threerings.tudey.config.AreaConfig$Derived">
      <area>
        <name>PvP/Lockdown/Parts/Class Assignment</name>
        <arguments>
          <key class="java.lang.String">Item</key>
          <value class="com.threerings.config.ConfigReference">
            <name>Gear/PvP/Lockdown/Guardian</name>
          </value>
        </arguments>
      </area>
    </implementation>
  </entry>
  <entry>
    <name>PvP/Lockdown/Parts/Class Assignment</name>
    <parameters>
      <entry class="com.threerings.config.Parameter$Direct">
        <name>Item</name>
        <paths>implementation.area["Trigger Action"].item</paths>
      </entry>
    </parameters>
    <implementation class="com.threerings.tudey.config.AreaConfig$Derived">
      <area>
        <name>Player Enter/Base</name>
        <arguments>
          <key class="java.lang.String">Trigger Action</key>
          <value class="com.threerings.projectx.dungeon.arena.config.ArenaActionConfig$EquipLockdownClass">
          </value>
        </arguments>
      </area>
    </implementation>
  </entry>
  <entry>
    <name>PvP/Lockdown/Recon</name>
    <implementation class="com.threerings.tudey.config.AreaConfig$Derived">
      <area>
        <name>PvP/Lockdown/Parts/Class Assignment</name>
        <arguments>
          <key class="java.lang.String">Item</key>
          <value class="com.threerings.config.ConfigReference">
            <name>Gear/PvP/Lockdown/Recon</name>
          </value>
        </arguments>
      </area>
    </implementation>
  </entry>
  <entry>
    <name>PvP/Lockdown/Striker</name>
    <implementation class="com.threerings.tudey.config.AreaConfig$Derived">
      <area>
        <name>PvP/Lockdown/Parts/Class Assignment</name>
        <arguments>
          <key class="java.lang.String">Item</key>
          <value class="com.threerings.config.ConfigReference">
            <name>Gear/PvP/Lockdown/Striker</name>
          </value>
        </arguments>
      </area>
    </implementation>
  </entry>
  <entry>
    <name>PvP/No Spawn</name>
  </entry>
  <entry>
    <name>Triggers/Actor Added Trigger</name>
    <parameters>
      <entry class="com.threerings.config.Parameter$Direct">
        <name>Actor Tag</name>
        <paths>implementation.handlers[0].target.tag</paths>
      </entry>
      <entry class="com.threerings.config.Parameter$Direct">
        <name>Action</name>
        <paths>implementation.handlers[0].action</paths>
      </entry>
    </parameters>
    <implementation class="com.threerings.tudey.config.AreaConfig$Original">
      <handlers>
        <entry class="com.threerings.tudey.config.HandlerConfig$ActorAdded">
        </entry>
      </handlers>
    </implementation>
  </entry>
  <entry>
    <name>Triggers/Actor Removed Trigger</name>
    <parameters>
      <entry class="com.threerings.config.Parameter$Direct">
        <name>Actor Tag</name>
        <paths>implementation.handlers[0].target.tag</paths>
      </entry>
      <entry class="com.threerings.config.Parameter$Direct">
        <name>Action</name>
        <paths>implementation.handlers[0].action</paths>
      </entry>
    </parameters>
    <implementation class="com.threerings.tudey.config.AreaConfig$Original">
      <handlers>
        <entry class="com.threerings.tudey.config.HandlerConfig$ActorRemoved">
        </entry>
      </handlers>
    </implementation>
  </entry>
  <entry>
    <name>Triggers/Doormat</name>
    <parameters>
      <entry class="com.threerings.config.Parameter$Direct">
        <name>Door Tag</name>
        <paths>implementation.area["Entered Action"].target.tag, implementation.area["Exited Action"].target.tag</paths>
      </entry>
    </parameters>
    <implementation class="com.threerings.tudey.config.AreaConfig$Derived">
      <area>
        <name>Triggers/Player Standing</name>
      </area>
    </implementation>
  </entry>
  <entry>
    <name>Triggers/Monster Detect</name>
    <parameters>
      <entry class="com.threerings.config.Parameter$Direct">
        <name>Monsters Gone</name>
        <paths>implementation.handlers[0].under_action</paths>
      </entry>
    </parameters>
    <implementation class="com.threerings.tudey.config.AreaConfig$Original">
      <handlers>
        <entry class="com.threerings.tudey.config.HandlerConfig$ThresholdIntersectionCount">
          <action class="com.threerings.tudey.config.ActionConfig$Compound">
          </action>
        </entry>
      </handlers>
    </implementation>
  </entry>
  <entry>
    <name>Triggers/Music Area</name>
    <parameters>
      <entry class="com.threerings.config.Parameter$Direct">
        <name>File</name>
        <paths>implementation.handlers[0].action.actor["File"]</paths>
      </entry>
      <entry class="com.threerings.config.Parameter$Direct">
        <name>Stack</name>
        <paths>implementation.handlers[0].action.actor["Stack"]</paths>
      </entry>
      <entry class="com.threerings.config.Parameter$Direct">
        <name>Fade In</name>
        <paths>implementation.handlers[0].action.actor["Fade In"]</paths>
      </entry>
      <entry class="com.threerings.config.Parameter$Direct">
        <name>Fade Out</name>
        <paths>implementation.handlers[0].action.actor["Fade Out"]</paths>
      </entry>
      <entry class="com.threerings.config.Parameter$Direct">
        <name>Tag</name>
        <paths>implementation.handlers[0].action.actor["Tag"], implementation.handlers[0].under_action.target.tag</paths>
      </entry>
    </parameters>
    <implementation class="com.threerings.tudey.config.AreaConfig$Original">
      <handlers>
        <entry class="com.threerings.tudey.config.HandlerConfig$ThresholdIntersectionCount">
          <action class="com.threerings.tudey.config.ActionConfig$SpawnActor">
            <actor>
              <name>Environment/Music</name>
              <arguments>
                <key class="java.lang.String">Destruction Transient</key>
                <value class="com.threerings.config.ConfigReference">
                  <name>model/scripted/play_sound_clip.dat</name>
                  <arguments>
                    <key class="java.lang.String">File</key>
                    <value/>
                    <key class="java.lang.String">Gain</key>
                    <value class="java.lang.Float">1.0</value>
                    <key class="java.lang.String">Pitch</key>
                    <value class="java.lang.Float">1.0</value>
                    <key class="java.lang.String">Range</key>
                    <value class="java.lang.String">Medium</value>
                  </arguments>
                </value>
                <key class="java.lang.String">Fade In</key>
                <value class="java.lang.Float">0.0</value>
                <key class="java.lang.String">Fade Out</key>
                <value class="java.lang.Float">0.0</value>
                <key class="java.lang.String">File</key>
                <value/>
                <key class="java.lang.String">Gain</key>
                <value class="java.lang.Float">1.0</value>
                <key class="java.lang.String">Override</key>
                <value class="java.lang.Boolean">true</value>
                <key class="java.lang.String">Stack</key>
                <value class="java.lang.String">default</value>
                <key class="java.lang.String">Tag</key>
                <value class="java.lang.String">Music</value>
              </arguments>
            </actor>
          </action>
        </entry>
      </handlers>
    </implementation>
  </entry>
  <entry>
    <name>Triggers/Party Trigger</name>
    <parameters>
      <entry class="com.threerings.config.Parameter$Direct">
        <name>Door Tag</name>
        <paths>implementation.handlers[0].action.target.tag</paths>
      </entry>
      <entry class="com.threerings.config.Parameter$Direct">
        <name>Action</name>
        <paths>implementation.handlers[0].action</paths>
      </entry>
    </parameters>
    <implementation class="com.threerings.tudey.config.AreaConfig$Original">
      <handlers>
        <entry class="com.threerings.projectx.dungeon.config.DungeonHandlerConfig$PartyIntersection">
        </entry>
      </handlers>
    </implementation>
  </entry>
  <entry>
    <name>Triggers/Player Standing</name>
    <parameters>
      <entry class="com.threerings.config.Parameter$Direct">
        <name>Entered Action</name>
        <paths>implementation.handlers[0].action</paths>
      </entry>
      <entry class="com.threerings.config.Parameter$Direct">
        <name>Exited Action</name>
        <paths>implementation.handlers[0].under_action</paths>
      </entry>
    </parameters>
    <implementation class="com.threerings.tudey.config.AreaConfig$Original">
      <handlers>
        <entry class="com.threerings.tudey.config.HandlerConfig$ThresholdIntersectionCount">
        </entry>
      </handlers>
    </implementation>
  </entry>
  <entry>
    <name>Triggers/Tag Enter</name>
    <parameters>
      <entry class="com.threerings.config.Parameter$Direct">
        <name>Color</name>
        <paths>implementation.color</paths>
      </entry>
      <entry class="com.threerings.config.Parameter$Direct">
        <name>Tag</name>
        <paths>implementation.handlers[0].action.condition.conditions[0].tag</paths>
      </entry>
      <entry class="com.threerings.config.Parameter$Direct">
        <name>Trigger Condition</name>
        <paths>implementation.handlers[0].action.condition.conditions[1].conditions</paths>
      </entry>
      <entry class="com.threerings.config.Parameter$Direct">
        <name>Trigger Action</name>
        <paths>implementation.handlers[0].action.action</paths>
      </entry>
    </parameters>
    <implementation class="com.threerings.tudey.config.AreaConfig$Original">
      <handlers>
        <entry class="com.threerings.tudey.config.HandlerConfig$IntersectionStart">
          <action class="com.threerings.tudey.config.ActionConfig$Conditional">
            <action class="com.threerings.tudey.config.ActionConfig$FireEffect">
            </action>
          </action>
        </entry>
      </handlers>
    </implementation>
  </entry>
</object>
</java>
