<?xml version="1.0" encoding="UTF-8"?>
<java class="com.threerings.export.XMLImporter" version="1.0">
<object class="[Lcom.threerings.projectx.config.EmoteConfig;">
  <entry>
    <name>Amaze</name>
    <targetable>true</targetable>
  </entry>
  <entry>
    <name>Attack</name>
    <balloonless>true</balloonless>
    <spawnsTransient>true</spawnsTransient>
    <defaultKey>71</defaultKey>
    <duration>700</duration>
    <animation>
      <name>character/pc/emote_basic.dat</name>
      <arguments>
        <key class="java.lang.String">Action</key>
        <value class="com.threerings.opengl.model.config.ActionConfig$SpawnTransient">
          <moveWithOrigin>true</moveWithOrigin>
          <model>
            <name>particle/emoticons/fx_command_burst.dat</name>
            <arguments>
              <key class="java.lang.String">Bubble - Color</key>
              <value class="java.lang.String">Attack</value>
              <key class="java.lang.String">Variant</key>
              <value class="com.threerings.config.ConfigReference">
                <name>particle/emoticons/fx_attack.dat</name>
              </value>
            </arguments>
          </model>
          <node>%ROOT%</node>
        </value>
      </arguments>
    </animation>
  </entry>
  <entry>
    <name>Beg</name>
    <targetable>true</targetable>
  </entry>
  <entry>
    <name>Belch</name>
  </entry>
  <entry>
    <name>Bored</name>
    <targetable>true</targetable>
  </entry>
  <entry>
    <name>Bow</name>
    <targetable>true</targetable>
  </entry>
  <entry>
    <name>Burp</name>
  </entry>
  <entry>
    <name>Cheer</name>
    <targetable>true</targetable>
    <duration>1667</duration>
    <animation>
      <name>character/pc/emotes/animation_clap.dat</name>
    </animation>
  </entry>
  <entry>
    <name>Clap</name>
    <targetable>true</targetable>
    <duration>1667</duration>
    <animation>
      <name>character/pc/emotes/animation_clap.dat</name>
    </animation>
  </entry>
  <entry>
    <name>Come</name>
    <balloonless>true</balloonless>
    <defaultKey>75</defaultKey>
  </entry>
  <entry>
    <name>Congratulate</name>
    <targetable>true</targetable>
  </entry>
  <entry>
    <name>Crazy</name>
    <targetable>true</targetable>
  </entry>
  <entry>
    <name>Cry</name>
    <targetable>true</targetable>
  </entry>
  <entry>
    <name>Dance</name>
    <targetable>true</targetable>
  </entry>
  <entry>
    <name>Derp</name>
  </entry>
  <entry>
    <name>Epicfail</name>
    <targetable>true</targetable>
    <duration>2222</duration>
    <animation>
      <name>character/pc/emotes/animation_shrug.dat</name>
    </animation>
  </entry>
  <entry>
    <name>Fail</name>
    <targetable>true</targetable>
    <duration>2222</duration>
    <animation>
      <name>character/pc/emotes/animation_shrug.dat</name>
    </animation>
  </entry>
  <entry>
    <name>Fallback</name>
    <balloonless>true</balloonless>
    <spawnsTransient>true</spawnsTransient>
    <defaultKey>72</defaultKey>
    <duration>700</duration>
    <animation>
      <name>character/pc/emote_basic.dat</name>
      <arguments>
        <key class="java.lang.String">Action</key>
        <value class="com.threerings.opengl.model.config.ActionConfig$SpawnTransient">
          <moveWithOrigin>true</moveWithOrigin>
          <model>
            <name>particle/emoticons/fx_command_burst.dat</name>
            <arguments>
              <key class="java.lang.String">Bubble - Color</key>
              <value class="java.lang.String">Fall Back</value>
              <key class="java.lang.String">Variant</key>
              <value class="com.threerings.config.ConfigReference">
                <name>particle/emoticons/fx_fallback.dat</name>
              </value>
            </arguments>
          </model>
          <node>%ROOT%</node>
        </value>
      </arguments>
    </animation>
  </entry>
  <entry>
    <name>Flex</name>
  </entry>
  <entry>
    <name>Flirt</name>
    <targetable>true</targetable>
  </entry>
  <entry>
    <name>Follow</name>
    <balloonless>true</balloonless>
    <spawnsTransient>true</spawnsTransient>
    <defaultKey>79</defaultKey>
    <duration>700</duration>
    <animation>
      <name>character/pc/emote_basic.dat</name>
      <arguments>
        <key class="java.lang.String">Action</key>
        <value class="com.threerings.opengl.model.config.ActionConfig$SpawnTransient">
          <moveWithOrigin>true</moveWithOrigin>
          <model>
            <name>particle/emoticons/fx_command_follow.dat</name>
          </model>
          <node>%ROOT%</node>
        </value>
      </arguments>
    </animation>
  </entry>
  <entry>
    <name>Frown</name>
    <targetable>true</targetable>
  </entry>
  <entry>
    <name>Gaze</name>
  </entry>
  <entry>
    <name>Giggle</name>
    <targetable>true</targetable>
  </entry>
  <entry>
    <name>Goodbye</name>
    <targetable>true</targetable>
    <duration>1667</duration>
    <animation>
      <name>character/pc/emotes/animation_wave.dat</name>
    </animation>
  </entry>
  <entry>
    <name>Grin</name>
    <targetable>true</targetable>
  </entry>
  <entry>
    <name>Happy</name>
    <targetable>true</targetable>
  </entry>
  <entry>
    <name>Hello</name>
    <targetable>true</targetable>
    <duration>1667</duration>
    <animation>
      <name>character/pc/emotes/animation_wave.dat</name>
    </animation>
  </entry>
  <entry>
    <name>Helpme</name>
    <balloonless>true</balloonless>
    <spawnsTransient>true</spawnsTransient>
    <defaultKey>82</defaultKey>
    <duration>700</duration>
    <animation>
      <name>character/pc/emote_basic.dat</name>
      <arguments>
        <key class="java.lang.String">Action</key>
        <value class="com.threerings.opengl.model.config.ActionConfig$SpawnTransient">
          <moveWithOrigin>true</moveWithOrigin>
          <model>
            <name>particle/emoticons/fx_command_burst.dat</name>
            <arguments>
              <key class="java.lang.String">Bubble - Color</key>
              <value class="java.lang.String">Help</value>
              <key class="java.lang.String">Variant</key>
              <value class="com.threerings.config.ConfigReference">
                <name>particle/emoticons/fx_help.dat</name>
              </value>
            </arguments>
          </model>
          <node>%ROOT%</node>
        </value>
      </arguments>
    </animation>
  </entry>
  <entry>
    <name>Herp</name>
  </entry>
  <entry>
    <name>Hug</name>
    <targetable>true</targetable>
  </entry>
  <entry>
    <name>Hungry</name>
  </entry>
  <entry>
    <name>Impatient</name>
    <targetable>true</targetable>
  </entry>
  <entry>
    <name>Joy</name>
    <targetable>true</targetable>
  </entry>
  <entry>
    <name>Kidding</name>
    <targetable>true</targetable>
  </entry>
  <entry>
    <name>Kiss</name>
    <targetable>true</targetable>
  </entry>
  <entry>
    <name>Laugh</name>
    <targetable>true</targetable>
    <duration>1667</duration>
    <animation>
      <name>character/pc/emotes/animation_laugh.dat</name>
    </animation>
  </entry>
  <entry>
    <name>Lonely</name>
  </entry>
  <entry>
    <name>Look</name>
    <targetable>true</targetable>
    <duration>1667</duration>
    <animation>
      <name>character/pc/emotes/animation_point.dat</name>
    </animation>
  </entry>
  <entry>
    <name>Love</name>
    <targetable>true</targetable>
  </entry>
  <entry>
    <name>No</name>
    <targetable>true</targetable>
  </entry>
  <entry>
    <name>Point</name>
    <targetable>true</targetable>
    <duration>1667</duration>
    <animation>
      <name>character/pc/emotes/animation_point.dat</name>
    </animation>
  </entry>
  <entry>
    <name>Poke</name>
    <targetable>true</targetable>
    <balloonless>true</balloonless>
    <duration>1667</duration>
    <animation>
      <name>character/pc/emotes/animation_point.dat</name>
    </animation>
  </entry>
  <entry>
    <name>Ready</name>
    <balloonless>true</balloonless>
    <defaultKey>80</defaultKey>
    <duration>2000</duration>
    <animation>
      <name>character/pc/emotes/animation_salute.dat</name>
    </animation>
  </entry>
  <entry>
    <name>Rude</name>
    <targetable>true</targetable>
  </entry>
  <entry>
    <name>Sad</name>
    <targetable>true</targetable>
  </entry>
  <entry>
    <name>Salute</name>
    <targetable>true</targetable>
    <balloonless>true</balloonless>
    <duration>2000</duration>
    <animation>
      <name>character/pc/emotes/animation_salute.dat</name>
    </animation>
  </entry>
  <entry>
    <name>Shrug</name>
    <targetable>true</targetable>
    <duration>2222</duration>
    <animation>
      <name>character/pc/emotes/animation_shrug.dat</name>
    </animation>
  </entry>
  <entry>
    <name>Sigh</name>
    <targetable>true</targetable>
  </entry>
  <entry>
    <name>Sit</name>
    <balloonless>true</balloonless>
    <allowsMovement>false</allowsMovement>
    <endDuration>1333</endDuration>
    <animation>
      <name>animation/sequential/simple.dat</name>
      <arguments>
        <key class="java.lang.String">Animations</key>
        <value class="[Lcom.threerings.opengl.model.config.AnimationConfig$ComponentAnimation;">
          <entry>
            <animation>
              <name>character/pc/emotes/animation_sit-start.dat</name>
            </animation>
          </entry>
          <entry>
            <animation>
              <name>character/pc/emotes/animation_sit-loop.dat</name>
            </animation>
          </entry>
        </value>
        <key class="java.lang.String">Priority</key>
        <value class="java.lang.Integer">0</value>
      </arguments>
    </animation>
    <endAnimation>
      <name>character/pc/emotes/animation_sit-end.dat</name>
    </endAnimation>
  </entry>
  <entry>
    <name>Sleep</name>
    <allowsMovement>false</allowsMovement>
    <animation>
      <name>animation/sequential/simple.dat</name>
      <arguments>
        <key class="java.lang.String">Animations</key>
        <value class="[Lcom.threerings.opengl.model.config.AnimationConfig$ComponentAnimation;">
          <entry>
            <animation>
              <name>character/pc/sleeping/loop.dat</name>
            </animation>
          </entry>
        </value>
        <key class="java.lang.String">Priority</key>
        <value class="java.lang.Integer">0</value>
      </arguments>
    </animation>
  </entry>
  <entry>
    <name>Sleepy</name>
    <targetable>true</targetable>
  </entry>
  <entry>
    <name>Smell</name>
    <targetable>true</targetable>
  </entry>
  <entry>
    <name>Smile</name>
    <targetable>true</targetable>
  </entry>
  <entry>
    <name>Sniff</name>
    <targetable>true</targetable>
  </entry>
  <entry>
    <name>Sorry</name>
    <targetable>true</targetable>
  </entry>
  <entry>
    <name>Stare</name>
    <targetable>true</targetable>
  </entry>
  <entry>
    <name>Thank</name>
    <targetable>true</targetable>
  </entry>
  <entry>
    <name>Thirsty</name>
  </entry>
  <entry>
    <name>Tickle</name>
    <targetable>true</targetable>
  </entry>
  <entry>
    <name>Tired</name>
    <targetable>true</targetable>
  </entry>
  <entry>
    <name>Wait</name>
    <balloonless>true</balloonless>
    <defaultKey>81</defaultKey>
  </entry>
  <entry>
    <name>Wave</name>
    <targetable>true</targetable>
    <balloonless>true</balloonless>
    <duration>1667</duration>
    <animation>
      <name>character/pc/emotes/animation_wave.dat</name>
    </animation>
  </entry>
  <entry>
    <name>Whine</name>
    <targetable>true</targetable>
  </entry>
  <entry>
    <name>Wince</name>
    <targetable>true</targetable>
  </entry>
  <entry>
    <name>Wink</name>
    <targetable>true</targetable>
  </entry>
  <entry>
    <name>Yawn</name>
  </entry>
  <entry>
    <name>Yes</name>
    <targetable>true</targetable>
  </entry>
</object>
</java>
