<?xml version="1.0" encoding="UTF-8"?>
<java class="com.threerings.export.XMLImporter" version="1.0">
<object class="[Lcom.threerings.projectx.uplink.config.GiftConfig;">
  <entry>
    <name>Battle Pack</name>
    <implementation class="com.threerings.projectx.uplink.config.GiftConfig$Original">
      <name>battle_pack</name>
      <items>
        <entry>
          <locked>true</locked>
          <item>
            <name>Costume/Helm/Plasmatech Bombhead Mask</name>
          </item>
        </entry>
        <entry>
          <locked>true</locked>
          <item>
            <name>Costume/Armor/Plasmatech Demo Suit</name>
          </item>
        </entry>
        <entry>
          <count>10</count>
          <item>
            <name>Token/Krogmo Coin</name>
          </item>
        </entry>
        <entry>
          <count>5</count>
          <locked>true</locked>
          <item>
            <name>Upgrade/Coin Bonus</name>
          </item>
        </entry>
        <entry>
          <item>
            <name>Artifact/Medal of Monstrous Merit</name>
          </item>
        </entry>
        <entry>
          <count>25</count>
          <item>
            <name>Rarity/Spark of Life</name>
          </item>
        </entry>
      </items>
      <crystal>9500</crystal>
      <battlePack>true</battlePack>
    </implementation>
  </entry>
  <entry>
    <name>Starter Pack</name>
    <implementation class="com.threerings.projectx.uplink.config.GiftConfig$Original">
      <name>starter_pack</name>
      <items>
        <entry>
          <locked>true</locked>
          <item>
            <name>Upgrade/Heat Bonus</name>
          </item>
        </entry>
        <entry>
          <count>2</count>
          <locked>true</locked>
          <item>
            <name>Upgrade/Trinket Slot</name>
          </item>
        </entry>
        <entry>
          <count>2</count>
          <locked>true</locked>
          <item>
            <name>Upgrade/Weapon Slot</name>
          </item>
        </entry>
        <entry>
          <item>
            <name>Weapon/Bomb/Static Flash</name>
          </item>
          <variantTable>
            <name>Item/Bomb, general</name>
          </variantTable>
        </entry>
        <entry>
          <item>
            <name>Gear/Shield/Green Ward</name>
          </item>
          <variantTable>
            <name>Item/Shield, general</name>
          </variantTable>
        </entry>
        <entry>
          <item>
            <name>Artifact/Starter Pack</name>
          </item>
        </entry>
        <entry>
          <count>25</count>
          <item>
            <name>Rarity/Spark of Life</name>
          </item>
        </entry>
      </items>
      <crystal>7500</crystal>
      <starterPack>true</starterPack>
    </implementation>
  </entry>
</object>
</java>
