<?xml version="1.0" encoding="UTF-8"?>
<java class="com.threerings.export.XMLImporter" version="1.0">
<object class="[Lcom.threerings.projectx.sprites.config.HarnessConfig;">
  <entry>
    <name>Crystal Harness</name>
    <implementation class="com.threerings.projectx.sprites.config.HarnessConfig$Original">
      <name>m.crystal_harness</name>
      <desc>d.crystal_harness</desc>
      <damageType>ELEMENTAL</damageType>
      <icon>
        <file>ui/icon/inventory/gear/harness/recolor_default.png</file>
        <colorizations>
          <entry class="com.threerings.opengl.renderer.config.ColorizationConfig$Normal">
            <colorization>3077</colorization>
          </entry>
          <entry class="com.threerings.opengl.renderer.config.ColorizationConfig$Normal">
            <colorization>3337</colorization>
          </entry>
        </colorizations>
      </icon>
      <material>
        <name>Model/Custom/Character/Pet/Harness/Crystal</name>
        <arguments>
          <key class="java.lang.String">Colorization</key>
          <value class="java.lang.Integer">257</value>
        </arguments>
      </material>
    </implementation>
  </entry>
  <entry>
    <name>Crystal Harness Adv</name>
    <implementation class="com.threerings.projectx.sprites.config.HarnessConfig$Original">
      <name>m.crystal_harness_adv</name>
      <desc>d.crystal_harness_adv</desc>
      <damageType>ELEMENTAL</damageType>
      <rechargeModifier>0.95</rechargeModifier>
      <icon>
        <file>ui/icon/inventory/gear/harness/recolor_advanced.png</file>
        <colorizations>
          <entry class="com.threerings.opengl.renderer.config.ColorizationConfig$Normal">
            <colorization>3084</colorization>
          </entry>
          <entry class="com.threerings.opengl.renderer.config.ColorizationConfig$Normal">
            <colorization>3337</colorization>
          </entry>
        </colorizations>
      </icon>
      <material>
        <name>Model/Custom/Character/Pet/Harness/Crystal, Advanced</name>
        <arguments>
          <key class="java.lang.String">Colorization</key>
          <value class="java.lang.Integer">257</value>
        </arguments>
      </material>
      <prereq>
        <name>Crystal Harness</name>
      </prereq>
    </implementation>
  </entry>
  <entry>
    <name>Crystal Harness Eli</name>
    <implementation class="com.threerings.projectx.sprites.config.HarnessConfig$Original">
      <name>m.crystal_harness_eli</name>
      <desc>d.crystal_harness_eli</desc>
      <damageType>ELEMENTAL</damageType>
      <rechargeModifier>0.9</rechargeModifier>
      <icon>
        <file>ui/icon/inventory/gear/harness/elite_ele.png</file>
      </icon>
      <material>
        <name>Model/Custom/Character/Pet/Harness/Crystal, Elite</name>
        <arguments>
          <key class="java.lang.String">Colorization</key>
          <value class="java.lang.Integer">257</value>
        </arguments>
      </material>
      <prereq>
        <name>Crystal Harness Adv</name>
      </prereq>
    </implementation>
  </entry>
  <entry>
    <name>Dark Harness</name>
    <implementation class="com.threerings.projectx.sprites.config.HarnessConfig$Original">
      <name>m.dark_harness</name>
      <desc>d.dark_harness</desc>
      <damageType>SHADOW</damageType>
      <icon>
        <file>ui/icon/inventory/gear/harness/recolor_default.png</file>
        <colorizations>
          <entry class="com.threerings.opengl.renderer.config.ColorizationConfig$Normal">
            <colorization>3075</colorization>
          </entry>
          <entry class="com.threerings.opengl.renderer.config.ColorizationConfig$Normal">
            <colorization>3337</colorization>
          </entry>
        </colorizations>
      </icon>
      <material>
        <name>Model/Custom/Character/Pet/Harness/Dark</name>
        <arguments>
          <key class="java.lang.String">Colorization</key>
          <value class="java.lang.Integer">257</value>
        </arguments>
      </material>
    </implementation>
  </entry>
  <entry>
    <name>Dark Harness Adv</name>
    <implementation class="com.threerings.projectx.sprites.config.HarnessConfig$Original">
      <name>m.dark_harness_adv</name>
      <desc>d.dark_harness_adv</desc>
      <damageType>SHADOW</damageType>
      <rechargeModifier>0.95</rechargeModifier>
      <icon>
        <file>ui/icon/inventory/gear/harness/recolor_advanced.png</file>
        <colorizations>
          <entry class="com.threerings.opengl.renderer.config.ColorizationConfig$Normal">
            <colorization>3081</colorization>
          </entry>
          <entry class="com.threerings.opengl.renderer.config.ColorizationConfig$Normal">
            <colorization>3337</colorization>
          </entry>
        </colorizations>
      </icon>
      <material>
        <name>Model/Custom/Character/Pet/Harness/Dark, Advanced</name>
        <arguments>
          <key class="java.lang.String">Colorization</key>
          <value class="java.lang.Integer">257</value>
        </arguments>
      </material>
      <prereq>
        <name>Dark Harness</name>
      </prereq>
    </implementation>
  </entry>
  <entry>
    <name>Dark Harness Eli</name>
    <implementation class="com.threerings.projectx.sprites.config.HarnessConfig$Original">
      <name>m.dark_harness_eli</name>
      <desc>d.dark_harness_eli</desc>
      <damageType>SHADOW</damageType>
      <rechargeModifier>0.9</rechargeModifier>
      <icon>
        <file>ui/icon/inventory/gear/harness/elite_shd.png</file>
      </icon>
      <material>
        <name>Model/Custom/Character/Pet/Harness/Dark, Elite</name>
        <arguments>
          <key class="java.lang.String">Colorization</key>
          <value class="java.lang.Integer">257</value>
        </arguments>
      </material>
      <prereq>
        <name>Dark Harness Adv</name>
      </prereq>
    </implementation>
  </entry>
  <entry>
    <name>Dev/Ultimate Harness</name>
    <implementation class="com.threerings.projectx.sprites.config.HarnessConfig$Original">
      <name>~Ultimate Harness</name>
      <desc>~Reduces Cooldown by 80%!!!</desc>
      <rechargeModifier>0.2</rechargeModifier>
      <icon>
        <file>ui/icon/inventory/gear/harness/recolor_default.png</file>
      </icon>
      <material>
        <name>Model/Custom/Character/Pet/Harness/Iron, Elite</name>
        <arguments>
          <key class="java.lang.String">Colorization</key>
          <value class="java.lang.Integer">257</value>
        </arguments>
      </material>
    </implementation>
  </entry>
  <entry>
    <name>Golden Harness</name>
    <implementation class="com.threerings.projectx.sprites.config.HarnessConfig$Original">
      <name>m.golden_harness</name>
      <desc>d.golden_harness</desc>
      <damageType>PIERCING</damageType>
      <icon>
        <file>ui/icon/inventory/gear/harness/recolor_default.png</file>
        <colorizations>
          <entry class="com.threerings.opengl.renderer.config.ColorizationConfig$Normal">
            <colorization>3073</colorization>
          </entry>
          <entry class="com.threerings.opengl.renderer.config.ColorizationConfig$Normal">
            <colorization>3337</colorization>
          </entry>
        </colorizations>
      </icon>
      <material>
        <name>Model/Custom/Character/Pet/Harness/Golden</name>
        <arguments>
          <key class="java.lang.String">Colorization</key>
          <value class="java.lang.Integer">257</value>
        </arguments>
      </material>
    </implementation>
  </entry>
  <entry>
    <name>Golden Harness Adv</name>
    <implementation class="com.threerings.projectx.sprites.config.HarnessConfig$Original">
      <name>m.golden_harness_adv</name>
      <desc>d.golden_harness_adv</desc>
      <damageType>PIERCING</damageType>
      <rechargeModifier>0.95</rechargeModifier>
      <icon>
        <file>ui/icon/inventory/gear/harness/recolor_advanced.png</file>
        <colorizations>
          <entry class="com.threerings.opengl.renderer.config.ColorizationConfig$CustomOffsets">
            <clazz>12</clazz>
            <offsets>
              <hue>-0.566</hue>
              <saturation>-0.049</saturation>
              <value>-0.2</value>
            </offsets>
          </entry>
          <entry class="com.threerings.opengl.renderer.config.ColorizationConfig$Normal">
            <colorization>3329</colorization>
          </entry>
        </colorizations>
      </icon>
      <material>
        <name>Model/Custom/Character/Pet/Harness/Golden, Advanced</name>
        <arguments>
          <key class="java.lang.String">Colorization</key>
          <value class="java.lang.Integer">257</value>
        </arguments>
      </material>
      <prereq>
        <name>Golden Harness</name>
      </prereq>
    </implementation>
  </entry>
  <entry>
    <name>Golden Harness Eli</name>
    <implementation class="com.threerings.projectx.sprites.config.HarnessConfig$Original">
      <name>m.golden_harness_eli</name>
      <desc>d.golden_harness_eli</desc>
      <damageType>PIERCING</damageType>
      <rechargeModifier>0.9</rechargeModifier>
      <icon>
        <file>ui/icon/inventory/gear/harness/elite_prc.png</file>
      </icon>
      <material>
        <name>Model/Custom/Character/Pet/Harness/Golden, Elite</name>
        <arguments>
          <key class="java.lang.String">Colorization</key>
          <value class="java.lang.Integer">257</value>
        </arguments>
      </material>
      <prereq>
        <name>Golden Harness Adv</name>
      </prereq>
    </implementation>
  </entry>
  <entry>
    <name>Iron Harness</name>
    <implementation class="com.threerings.projectx.sprites.config.HarnessConfig$Original">
      <name>m.iron_harness</name>
      <desc>d.iron_harness</desc>
      <icon>
        <file>ui/icon/inventory/gear/harness/recolor_default.png</file>
        <colorizations>
          <entry class="com.threerings.opengl.renderer.config.ColorizationConfig$Normal">
            <colorization>3074</colorization>
          </entry>
          <entry class="com.threerings.opengl.renderer.config.ColorizationConfig$Normal">
            <colorization>3337</colorization>
          </entry>
        </colorizations>
      </icon>
      <material>
        <name>Model/Custom/Character/Pet/Harness/Iron</name>
        <arguments>
          <key class="java.lang.String">Colorization</key>
          <value class="java.lang.Integer">257</value>
        </arguments>
      </material>
    </implementation>
  </entry>
  <entry>
    <name>Iron Harness Adv</name>
    <implementation class="com.threerings.projectx.sprites.config.HarnessConfig$Original">
      <name>m.iron_harness_adv</name>
      <desc>d.iron_harness_adv</desc>
      <rechargeModifier>0.95</rechargeModifier>
      <icon>
        <file>ui/icon/inventory/gear/harness/recolor_advanced.png</file>
        <colorizations>
          <entry class="com.threerings.opengl.renderer.config.ColorizationConfig$CustomOffsets">
            <clazz>12</clazz>
            <offsets>
              <hue>-0.089</hue>
              <saturation>-0.635</saturation>
              <value>-0.163</value>
            </offsets>
          </entry>
          <entry class="com.threerings.opengl.renderer.config.ColorizationConfig$Normal">
            <colorization>3337</colorization>
          </entry>
        </colorizations>
      </icon>
      <material>
        <name>Model/Custom/Character/Pet/Harness/Iron, Advanced</name>
        <arguments>
          <key class="java.lang.String">Colorization</key>
          <value class="java.lang.Integer">257</value>
        </arguments>
      </material>
      <prereq>
        <name>Iron Harness</name>
      </prereq>
    </implementation>
  </entry>
  <entry>
    <name>Iron Harness Eli</name>
    <implementation class="com.threerings.projectx.sprites.config.HarnessConfig$Original">
      <name>m.iron_harness_eli</name>
      <desc>d.iron_harness_eli</desc>
      <rechargeModifier>0.9</rechargeModifier>
      <icon>
        <file>ui/icon/inventory/gear/harness/elite_nrm.png</file>
        <colorizations>
          <entry class="com.threerings.opengl.renderer.config.ColorizationConfig$Normal">
            <colorization>3074</colorization>
          </entry>
          <entry class="com.threerings.opengl.renderer.config.ColorizationConfig$Normal">
            <colorization>3337</colorization>
          </entry>
        </colorizations>
      </icon>
      <material>
        <name>Model/Custom/Character/Pet/Harness/Iron, Elite</name>
        <arguments>
          <key class="java.lang.String">Colorization</key>
          <value class="java.lang.Integer">257</value>
        </arguments>
      </material>
      <prereq>
        <name>Iron Harness Adv</name>
      </prereq>
    </implementation>
  </entry>
</object>
</java>
