<?xml version="1.0" encoding="UTF-8"?>
<java class="com.threerings.export.XMLImporter" version="1.0">
<object class="[Lcom.threerings.opengl.gui.config.InterfaceScriptConfig;">
  <entry>
    <name>Add/Arsenal, Add</name>
    <parameters>
      <entry class="com.threerings.config.Parameter$Direct">
        <name>Target</name>
        <paths>implementation.actions[0].action.target</paths>
      </entry>
    </parameters>
    <implementation class="com.threerings.opengl.gui.config.InterfaceScriptConfig$Original">
      <actions>
        <entry>
          <action class="com.threerings.opengl.gui.config.ActionConfig$MoveOffset">
            <target>(Target)</target>
            <interval>0.2</interval>
            <start>
              <scale>0.5</scale>
              <translation>0.0, -250.0</translation>
            </start>
            <easing class="com.threerings.opengl.effect.Easing$CubicOutOvershoot">
              <overshoot>1.25</overshoot>
            </easing>
          </action>
        </entry>
      </actions>
    </implementation>
  </entry>
  <entry>
    <name>Add/HUD</name>
    <implementation class="com.threerings.opengl.gui.config.InterfaceScriptConfig$Original">
      <actions>
        <entry>
          <action class="com.threerings.opengl.gui.config.ActionConfig$Compound">
            <actions>
              <entry class="com.threerings.opengl.gui.config.ActionConfig$SetOffset">
                <target>player</target>
                <offset>
                  <translation>-200.0, 500.0</translation>
                </offset>
              </entry>
              <entry class="com.threerings.opengl.gui.config.ActionConfig$SetOffset">
                <target>minimap</target>
                <offset>
                  <translation>200.0, 500.0</translation>
                </offset>
              </entry>
              <entry class="com.threerings.opengl.gui.config.ActionConfig$SetOffset">
                <target>description</target>
                <offset>
                  <translation>0.0, 200.0</translation>
                </offset>
              </entry>
              <entry class="com.threerings.opengl.gui.config.ActionConfig$SetOffset">
                <target>rightMenu</target>
                <offset>
                  <scale>0.0</scale>
                  <translation>212.0, 0.0</translation>
                </offset>
              </entry>
              <entry class="com.threerings.opengl.gui.config.ActionConfig$SetOffset">
                <target>leftMenu</target>
                <offset>
                  <scale>0.0</scale>
                  <translation>-249.0, 0.0</translation>
                </offset>
              </entry>
              <entry class="com.threerings.opengl.gui.config.ActionConfig$SetOffset">
                <target>party</target>
                <offset>
                  <translation>-500.0, 0.0</translation>
                </offset>
              </entry>
              <entry class="com.threerings.opengl.gui.config.ActionConfig$SetOffset">
                <target>quickbar</target>
                <offset>
                  <translation>0.0, -200.0</translation>
                </offset>
              </entry>
              <entry class="com.threerings.opengl.gui.config.ActionConfig$SetOffset">
                <target>activities</target>
                <offset>
                  <translation>200.0, 0.0</translation>
                </offset>
              </entry>
              <entry class="com.threerings.opengl.gui.config.ActionConfig$SetOffset">
                <target>objectives</target>
                <offset>
                  <translation>200.0, 0.0</translation>
                </offset>
              </entry>
            </actions>
          </action>
        </entry>
        <entry>
          <time>2.75</time>
          <action class="com.threerings.opengl.gui.config.ActionConfig$Compound">
            <actions>
              <entry class="com.threerings.opengl.gui.config.ActionConfig$MoveOffset">
                <target>player</target>
                <interval>0.667</interval>
                <start>
                  <translation>-200.0, 500.0</translation>
                </start>
                <easing class="com.threerings.opengl.effect.Easing$CubicOutOvershoot">
                  <overshoot>0.25</overshoot>
                </easing>
              </entry>
              <entry class="com.threerings.opengl.gui.config.ActionConfig$MoveOffset">
                <target>minimap</target>
                <interval>0.667</interval>
                <start>
                  <translation>200.0, 500.0</translation>
                </start>
                <easing class="com.threerings.opengl.effect.Easing$CubicOutOvershoot">
                  <overshoot>0.25</overshoot>
                </easing>
              </entry>
              <entry class="com.threerings.opengl.gui.config.ActionConfig$MoveOffset">
                <target>description</target>
                <interval>0.667</interval>
                <start>
                  <translation>0.0, 200.0</translation>
                </start>
                <easing class="com.threerings.opengl.effect.Easing$CubicOutOvershoot">
                  <overshoot>0.25</overshoot>
                </easing>
              </entry>
              <entry class="com.threerings.opengl.gui.config.ActionConfig$MoveOffset">
                <target>rightMenu</target>
                <start>
                  <scale>0.0</scale>
                  <translation>212.0, 0.0</translation>
                </start>
                <easing class="com.threerings.opengl.effect.Easing$CubicOutOvershoot">
                  <overshoot>0.25</overshoot>
                </easing>
              </entry>
              <entry class="com.threerings.opengl.gui.config.ActionConfig$MoveOffset">
                <target>leftMenu</target>
                <start>
                  <scale>0.0</scale>
                  <translation>-249.0, 0.0</translation>
                </start>
                <easing class="com.threerings.opengl.effect.Easing$CubicOutOvershoot">
                  <overshoot>0.25</overshoot>
                </easing>
              </entry>
              <entry class="com.threerings.opengl.gui.config.ActionConfig$MoveOffset">
                <target>party</target>
                <interval>1.333</interval>
                <start>
                  <translation>-500.0, 0.0</translation>
                </start>
                <easing class="com.threerings.opengl.effect.Easing$CubicOutOvershoot">
                  <overshoot>0.25</overshoot>
                </easing>
              </entry>
              <entry class="com.threerings.opengl.gui.config.ActionConfig$MoveOffset">
                <target>quickbar</target>
                <start>
                  <translation>0.0, -200.0</translation>
                </start>
                <easing class="com.threerings.opengl.effect.Easing$CubicOutOvershoot">
                  <overshoot>0.25</overshoot>
                </easing>
              </entry>
              <entry class="com.threerings.opengl.gui.config.ActionConfig$MoveOffset">
                <target>activities</target>
                <start>
                  <translation>200.0, 0.0</translation>
                </start>
                <easing class="com.threerings.opengl.effect.Easing$CubicOutOvershoot">
                  <overshoot>0.25</overshoot>
                </easing>
              </entry>
              <entry class="com.threerings.opengl.gui.config.ActionConfig$MoveOffset">
                <target>objectives</target>
                <start>
                  <translation>200.0, 0.0</translation>
                </start>
                <easing class="com.threerings.opengl.effect.Easing$CubicOutOvershoot">
                  <overshoot>0.25</overshoot>
                </easing>
              </entry>
            </actions>
          </action>
        </entry>
      </actions>
    </implementation>
  </entry>
  <entry>
    <name>Add/Mini Exchange, Add</name>
    <parameters>
      <entry class="com.threerings.config.Parameter$Direct">
        <name>Target</name>
        <paths>implementation.actions[0].action.target, implementation.actions[1].action.target</paths>
      </entry>
    </parameters>
    <implementation class="com.threerings.opengl.gui.config.InterfaceScriptConfig$Original">
      <actions>
        <entry>
          <action class="com.threerings.opengl.gui.config.ActionConfig$SetOffset">
            <target>(Target)</target>
            <offset>
              <scale>0.0</scale>
            </offset>
          </action>
        </entry>
        <entry>
          <time>1.333</time>
          <action class="com.threerings.opengl.gui.config.ActionConfig$MoveOffset">
            <target>(Target)</target>
            <interval>0.6</interval>
            <start>
              <scale>0.5</scale>
              <translation>-500.0, 0.0</translation>
            </start>
            <easing class="com.threerings.opengl.effect.Easing$CubicOutOvershoot">
              <overshoot>1.125</overshoot>
            </easing>
          </action>
        </entry>
      </actions>
    </implementation>
  </entry>
  <entry>
    <name>Add/Tooltip, Add</name>
    <parameters>
      <entry class="com.threerings.config.Parameter$Direct">
        <name>Target</name>
        <paths>implementation.actions[0].action.target</paths>
      </entry>
    </parameters>
    <implementation class="com.threerings.opengl.gui.config.InterfaceScriptConfig$Original">
      <actions>
        <entry>
          <action class="com.threerings.opengl.gui.config.ActionConfig$MoveOffset">
            <target>(Target)</target>
            <interval>0.1</interval>
            <start>
              <scale>0.5</scale>
              <translation>50.0, -50.0</translation>
            </start>
            <easing class="com.threerings.opengl.effect.Easing$QuadraticOut">
            </easing>
          </action>
        </entry>
      </actions>
    </implementation>
  </entry>
  <entry>
    <name>Add/Window, Add</name>
    <parameters>
      <entry class="com.threerings.config.Parameter$Direct">
        <name>Target</name>
        <paths>implementation.actions[0].action.target</paths>
      </entry>
    </parameters>
    <implementation class="com.threerings.opengl.gui.config.InterfaceScriptConfig$Original">
      <actions>
        <entry>
          <action class="com.threerings.opengl.gui.config.ActionConfig$MoveOffset">
            <target>(Target)</target>
            <interval>0.2</interval>
            <start>
              <scale>0.5</scale>
            </start>
            <easing class="com.threerings.opengl.effect.Easing$CubicOutOvershoot">
              <overshoot>1.125</overshoot>
            </easing>
          </action>
        </entry>
      </actions>
    </implementation>
  </entry>
  <entry>
    <name>Add/Window, Add (Delay)</name>
    <parameters>
      <entry class="com.threerings.config.Parameter$Direct">
        <name>Target</name>
        <paths>implementation.actions[2].action.target, implementation.actions[0].action.target, implementation.actions[1].action.target</paths>
      </entry>
      <entry class="com.threerings.config.Parameter$Direct">
        <name>Delay</name>
        <paths>implementation.actions[1].time, implementation.actions[2].time</paths>
      </entry>
    </parameters>
    <implementation class="com.threerings.opengl.gui.config.InterfaceScriptConfig$Original">
      <actions>
        <entry>
          <action class="com.threerings.opengl.gui.config.ActionConfig$SetVisible">
            <target>(Target)</target>
            <visible>false</visible>
          </action>
        </entry>
        <entry>
          <time>0.667</time>
          <action class="com.threerings.opengl.gui.config.ActionConfig$SetVisible">
            <target>(Target)</target>
          </action>
        </entry>
        <entry>
          <time>0.667</time>
          <action class="com.threerings.opengl.gui.config.ActionConfig$MoveOffset">
            <target>(Target)</target>
            <interval>0.2</interval>
            <start>
              <scale>0.5</scale>
            </start>
            <easing class="com.threerings.opengl.effect.Easing$CubicOutOvershoot">
              <overshoot>1.125</overshoot>
            </easing>
          </action>
        </entry>
      </actions>
    </implementation>
  </entry>
  <entry>
    <name>Add/Window, Add (Offset)</name>
    <parameters>
      <entry class="com.threerings.config.Parameter$Direct">
        <name>Target</name>
        <paths>implementation.actions[0].action.target</paths>
      </entry>
      <entry class="com.threerings.config.Parameter$Direct">
        <name>Start Offset</name>
        <paths>implementation.actions[0].action.start</paths>
      </entry>
    </parameters>
    <implementation class="com.threerings.opengl.gui.config.InterfaceScriptConfig$Original">
      <actions>
        <entry>
          <action class="com.threerings.opengl.gui.config.ActionConfig$MoveOffset">
            <target>(Target)</target>
            <interval>0.2</interval>
            <start>
              <scale>0.5</scale>
            </start>
            <easing class="com.threerings.opengl.effect.Easing$CubicOutOvershoot">
              <overshoot>1.125</overshoot>
            </easing>
          </action>
        </entry>
      </actions>
    </implementation>
  </entry>
  <entry>
    <name>Character Creator/Control Scheme, Arrive</name>
    <implementation class="com.threerings.opengl.gui.config.InterfaceScriptConfig$Original">
      <actions>
        <entry>
          <action class="com.threerings.opengl.gui.config.ActionConfig$RunScript">
            <interfaceScript>
              <name>Character Creator/Full Out, To Left</name>
              <arguments>
                <key class="java.lang.String">Target</key>
                <value class="java.lang.String">container_back</value>
              </arguments>
            </interfaceScript>
          </action>
        </entry>
        <entry>
          <action class="com.threerings.opengl.gui.config.ActionConfig$RunScript">
            <interfaceScript>
              <name>Character Creator/Full Out, To Left</name>
              <arguments>
                <key class="java.lang.String">Target</key>
                <value class="java.lang.String">container_name</value>
              </arguments>
            </interfaceScript>
          </action>
        </entry>
        <entry>
          <action class="com.threerings.opengl.gui.config.ActionConfig$RunScript">
            <interfaceScript>
              <name>Character Creator/Full Out, To Left</name>
              <arguments>
                <key class="java.lang.String">Target</key>
                <value class="java.lang.String">container_start</value>
              </arguments>
            </interfaceScript>
          </action>
        </entry>
        <entry>
          <action class="com.threerings.opengl.gui.config.ActionConfig$RunScript">
            <interfaceScript>
              <name>Character Creator/Full Out, To Left</name>
              <arguments>
                <key class="java.lang.String">Target</key>
                <value class="java.lang.String">container_options</value>
              </arguments>
            </interfaceScript>
          </action>
        </entry>
        <entry>
          <action class="com.threerings.opengl.gui.config.ActionConfig$RunScript">
            <interfaceScript>
              <name>Character Creator/Full In, From Right</name>
              <arguments>
                <key class="java.lang.String">Target</key>
                <value class="java.lang.String">ui_controlscheme</value>
              </arguments>
            </interfaceScript>
          </action>
        </entry>
      </actions>
    </implementation>
  </entry>
  <entry>
    <name>Character Creator/Control Scheme, Return</name>
    <implementation class="com.threerings.opengl.gui.config.InterfaceScriptConfig$Original">
      <actions>
        <entry>
          <action class="com.threerings.opengl.gui.config.ActionConfig$RunScript">
            <interfaceScript>
              <name>Character Creator/Full In, From Left</name>
              <arguments>
                <key class="java.lang.String">Target</key>
                <value class="java.lang.String">container_back</value>
              </arguments>
            </interfaceScript>
          </action>
        </entry>
        <entry>
          <action class="com.threerings.opengl.gui.config.ActionConfig$RunScript">
            <interfaceScript>
              <name>Character Creator/Full In, From Left</name>
              <arguments>
                <key class="java.lang.String">Target</key>
                <value class="java.lang.String">container_name</value>
              </arguments>
            </interfaceScript>
          </action>
        </entry>
        <entry>
          <action class="com.threerings.opengl.gui.config.ActionConfig$RunScript">
            <interfaceScript>
              <name>Character Creator/Full In, From Left</name>
              <arguments>
                <key class="java.lang.String">Target</key>
                <value class="java.lang.String">container_start</value>
              </arguments>
            </interfaceScript>
          </action>
        </entry>
        <entry>
          <action class="com.threerings.opengl.gui.config.ActionConfig$RunScript">
            <interfaceScript>
              <name>Character Creator/Full In, From Left</name>
              <arguments>
                <key class="java.lang.String">Target</key>
                <value class="java.lang.String">container_options</value>
              </arguments>
            </interfaceScript>
          </action>
        </entry>
        <entry>
          <action class="com.threerings.opengl.gui.config.ActionConfig$RunScript">
            <interfaceScript>
              <name>Character Creator/Full Out, To Right</name>
              <arguments>
                <key class="java.lang.String">Target</key>
                <value class="java.lang.String">ui_controlscheme</value>
              </arguments>
            </interfaceScript>
          </action>
        </entry>
      </actions>
    </implementation>
  </entry>
  <entry>
    <name>Character Creator/Fade In</name>
    <parameters>
      <entry class="com.threerings.config.Parameter$Direct">
        <name>Target</name>
        <paths>implementation.actions[0].action.target, implementation.actions[1].action.target</paths>
      </entry>
      <entry class="com.threerings.config.Parameter$Direct">
        <name>Start Offset</name>
        <paths>implementation.actions[1].time</paths>
      </entry>
    </parameters>
    <implementation class="com.threerings.opengl.gui.config.InterfaceScriptConfig$Original">
      <actions>
        <entry>
          <action class="com.threerings.opengl.gui.config.ActionConfig$SetAlpha">
            <target>(Target)</target>
            <alpha>0.0</alpha>
          </action>
        </entry>
        <entry>
          <action class="com.threerings.opengl.gui.config.ActionConfig$FadeAlpha">
            <target>(Target)</target>
            <interval>0.5</interval>
            <easing class="com.threerings.opengl.effect.Easing$QuadraticIn">
            </easing>
          </action>
        </entry>
      </actions>
    </implementation>
  </entry>
  <entry>
    <name>Character Creator/Full In, From Left</name>
    <parameters>
      <entry class="com.threerings.config.Parameter$Direct">
        <name>Target</name>
        <paths>implementation.actions[0].action.target, implementation.actions[1].action.target, implementation.actions[2].action.target, implementation.actions[3].action.target, implementation.actions[4].action.target, implementation.actions[5].action.target</paths>
      </entry>
    </parameters>
    <implementation class="com.threerings.opengl.gui.config.InterfaceScriptConfig$Original">
      <actions>
        <entry>
          <action class="com.threerings.opengl.gui.config.ActionConfig$SetAlpha">
            <target>(Target)</target>
            <alpha>0.0</alpha>
          </action>
        </entry>
        <entry>
          <action class="com.threerings.opengl.gui.config.ActionConfig$SetOffset">
            <target>(Target)</target>
            <offset>
              <translation>-2000.0, 0.0</translation>
            </offset>
          </action>
        </entry>
        <entry>
          <action class="com.threerings.opengl.gui.config.ActionConfig$MoveOffset">
            <target>(Target)</target>
            <start>
              <translation>-2000.0, 0.0</translation>
            </start>
            <easing class="com.threerings.opengl.effect.Easing$QuadraticOut">
            </easing>
          </action>
        </entry>
        <entry>
          <action class="com.threerings.opengl.gui.config.ActionConfig$FadeAlpha">
            <target>(Target)</target>
            <interval>0.5</interval>
            <easing class="com.threerings.opengl.effect.Easing$QuadraticIn">
            </easing>
          </action>
        </entry>
        <entry>
          <action class="com.threerings.opengl.gui.config.ActionConfig$SetVisible">
            <target>(Target)</target>
          </action>
        </entry>
        <entry>
          <time>0.5</time>
          <action class="com.threerings.opengl.gui.config.ActionConfig$SetHoverable">
            <target>(Target)</target>
          </action>
        </entry>
      </actions>
    </implementation>
  </entry>
  <entry>
    <name>Character Creator/Full In, From Right</name>
    <parameters>
      <entry class="com.threerings.config.Parameter$Direct">
        <name>Target</name>
        <paths>implementation.actions[0].action.target, implementation.actions[1].action.target, implementation.actions[2].action.target, implementation.actions[3].action.target, implementation.actions[4].action.target, implementation.actions[5].action.target</paths>
      </entry>
    </parameters>
    <implementation class="com.threerings.opengl.gui.config.InterfaceScriptConfig$Original">
      <actions>
        <entry>
          <action class="com.threerings.opengl.gui.config.ActionConfig$SetAlpha">
            <target>(Target)</target>
            <alpha>0.0</alpha>
          </action>
        </entry>
        <entry>
          <action class="com.threerings.opengl.gui.config.ActionConfig$SetOffset">
            <target>(Target)</target>
            <offset>
              <translation>2000.0, 0.0</translation>
            </offset>
          </action>
        </entry>
        <entry>
          <action class="com.threerings.opengl.gui.config.ActionConfig$MoveOffset">
            <target>(Target)</target>
            <start>
              <translation>2000.0, 0.0</translation>
            </start>
            <easing class="com.threerings.opengl.effect.Easing$QuadraticOut">
            </easing>
          </action>
        </entry>
        <entry>
          <action class="com.threerings.opengl.gui.config.ActionConfig$FadeAlpha">
            <target>(Target)</target>
            <interval>0.5</interval>
            <easing class="com.threerings.opengl.effect.Easing$QuadraticIn">
            </easing>
          </action>
        </entry>
        <entry>
          <action class="com.threerings.opengl.gui.config.ActionConfig$SetVisible">
            <target>(Target)</target>
          </action>
        </entry>
        <entry>
          <time>0.5</time>
          <action class="com.threerings.opengl.gui.config.ActionConfig$SetHoverable">
            <target>(Target)</target>
          </action>
        </entry>
      </actions>
    </implementation>
  </entry>
  <entry>
    <name>Character Creator/Full Out, To Left</name>
    <parameters>
      <entry class="com.threerings.config.Parameter$Direct">
        <name>Target</name>
        <paths>implementation.actions[0].action.target, implementation.actions[1].action.target, implementation.actions[2].action.target, implementation.actions[3].action.target</paths>
      </entry>
    </parameters>
    <implementation class="com.threerings.opengl.gui.config.InterfaceScriptConfig$Original">
      <actions>
        <entry>
          <action class="com.threerings.opengl.gui.config.ActionConfig$MoveOffset">
            <target>(Target)</target>
            <end>
              <translation>-2000.0, 0.0</translation>
            </end>
            <easing class="com.threerings.opengl.effect.Easing$QuadraticOut">
            </easing>
          </action>
        </entry>
        <entry>
          <action class="com.threerings.opengl.gui.config.ActionConfig$FadeAlpha">
            <target>(Target)</target>
            <interval>0.5</interval>
            <start>1.0</start>
            <end>0.0</end>
            <easing class="com.threerings.opengl.effect.Easing$QuadraticOut">
            </easing>
          </action>
        </entry>
        <entry>
          <action class="com.threerings.opengl.gui.config.ActionConfig$SetHoverable">
            <target>(Target)</target>
            <hoverable>false</hoverable>
          </action>
        </entry>
        <entry>
          <time>0.5</time>
          <action class="com.threerings.opengl.gui.config.ActionConfig$SetVisible">
            <target>(Target)</target>
            <visible>false</visible>
          </action>
        </entry>
      </actions>
    </implementation>
  </entry>
  <entry>
    <name>Character Creator/Full Out, To Right</name>
    <parameters>
      <entry class="com.threerings.config.Parameter$Direct">
        <name>Target</name>
        <paths>implementation.actions[0].action.target, implementation.actions[1].action.target, implementation.actions[2].action.target, implementation.actions[3].action.target</paths>
      </entry>
    </parameters>
    <implementation class="com.threerings.opengl.gui.config.InterfaceScriptConfig$Original">
      <actions>
        <entry>
          <action class="com.threerings.opengl.gui.config.ActionConfig$MoveOffset">
            <target>(Target)</target>
            <end>
              <translation>2000.0, 0.0</translation>
            </end>
            <easing class="com.threerings.opengl.effect.Easing$QuadraticOut">
            </easing>
          </action>
        </entry>
        <entry>
          <action class="com.threerings.opengl.gui.config.ActionConfig$FadeAlpha">
            <target>(Target)</target>
            <interval>0.5</interval>
            <start>1.0</start>
            <end>0.0</end>
            <easing class="com.threerings.opengl.effect.Easing$QuadraticOut">
            </easing>
          </action>
        </entry>
        <entry>
          <action class="com.threerings.opengl.gui.config.ActionConfig$SetHoverable">
            <target>(Target)</target>
            <hoverable>false</hoverable>
          </action>
        </entry>
        <entry>
          <time>0.5</time>
          <action class="com.threerings.opengl.gui.config.ActionConfig$SetVisible">
            <target>(Target)</target>
            <visible>false</visible>
          </action>
        </entry>
      </actions>
    </implementation>
  </entry>
  <entry>
    <name>Character Creator/Offset Vertical Slide</name>
    <parameters>
      <entry class="com.threerings.config.Parameter$Direct">
        <name>Offset</name>
        <paths>implementation.actions[0].action.end</paths>
      </entry>
      <entry class="com.threerings.config.Parameter$Direct">
        <name>Target</name>
        <paths>implementation.actions[0].action.target</paths>
      </entry>
      <entry class="com.threerings.config.Parameter$Direct">
        <name>Completed Function</name>
        <paths>implementation.actions[0].action.action_on_complete.name</paths>
      </entry>
    </parameters>
    <implementation class="com.threerings.opengl.gui.config.InterfaceScriptConfig$Original">
      <actions>
        <entry>
          <action class="com.threerings.opengl.gui.config.ActionConfig$MoveOffset">
            <interval>0.25</interval>
            <easing class="com.threerings.opengl.effect.Easing$QuadraticOut">
            </easing>
            <actionOnComplete class="com.threerings.opengl.gui.config.ActionConfig$CallFunction">
            </actionOnComplete>
          </action>
        </entry>
      </actions>
    </implementation>
  </entry>
  <entry>
    <name>Character Creator/Reset Offset</name>
    <parameters>
      <entry class="com.threerings.config.Parameter$Direct">
        <name>Target</name>
        <paths>implementation.actions[0].action.target</paths>
      </entry>
    </parameters>
    <implementation class="com.threerings.opengl.gui.config.InterfaceScriptConfig$Original">
      <actions>
        <entry>
          <action class="com.threerings.opengl.gui.config.ActionConfig$SetOffset">
          </action>
        </entry>
      </actions>
    </implementation>
  </entry>
  <entry>
    <name>Character Creator/Slide In, From Left</name>
    <parameters>
      <entry class="com.threerings.config.Parameter$Direct">
        <name>Target</name>
        <paths>implementation.actions[0].action.target, implementation.actions[1].action.target, implementation.actions[2].action.target, implementation.actions[3].action.target, implementation.actions[1].action.action_on_complete.target</paths>
      </entry>
      <entry class="com.threerings.config.Parameter$Direct">
        <name>Start Offset</name>
        <paths>implementation.actions[1].time, implementation.actions[3].time</paths>
      </entry>
    </parameters>
    <implementation class="com.threerings.opengl.gui.config.InterfaceScriptConfig$Original">
      <actions>
        <entry>
          <action class="com.threerings.opengl.gui.config.ActionConfig$SetOffset">
            <target>(Target)</target>
            <offset>
              <translation>-1000.0, 0.0</translation>
            </offset>
          </action>
        </entry>
        <entry>
          <action class="com.threerings.opengl.gui.config.ActionConfig$MoveOffset">
            <target>(Target)</target>
            <interval>0.25</interval>
            <start>
              <translation>-1000.0, 0.0</translation>
            </start>
            <easing class="com.threerings.opengl.effect.Easing$QuadraticOut">
            </easing>
            <actionOnComplete class="com.threerings.opengl.gui.config.ActionConfig$SetHoverable">
              <target>(Target)</target>
            </actionOnComplete>
          </action>
        </entry>
        <entry>
          <action class="com.threerings.opengl.gui.config.ActionConfig$SetAlpha">
            <target>(Target)</target>
            <alpha>0.0</alpha>
          </action>
        </entry>
        <entry>
          <action class="com.threerings.opengl.gui.config.ActionConfig$FadeAlpha">
            <target>(Target)</target>
            <interval>0.2</interval>
            <easing class="com.threerings.opengl.effect.Easing$QuadraticIn">
            </easing>
          </action>
        </entry>
      </actions>
    </implementation>
  </entry>
  <entry>
    <name>Character Creator/Window Collapse End</name>
    <implementation class="com.threerings.opengl.gui.config.InterfaceScriptConfig$Original">
      <actions>
        <entry>
          <action class="com.threerings.opengl.gui.config.ActionConfig$SetVisible">
            <target>icontable</target>
            <visible>false</visible>
          </action>
        </entry>
        <entry>
          <action class="com.threerings.opengl.gui.config.ActionConfig$SetVisible">
            <target>container_random</target>
            <visible>false</visible>
          </action>
        </entry>
        <entry>
          <action class="com.threerings.opengl.gui.config.ActionConfig$SetStyle">
            <target>label_title</target>
            <style>
              <name>Character Creator/WindowTitle</name>
              <arguments>
                <key class="java.lang.String">Color</key>
                <value class="java.lang.String">Dark</value>
              </arguments>
            </style>
          </action>
        </entry>
        <entry>
          <action class="com.threerings.opengl.gui.config.ActionConfig$SetStyle">
            <target>header</target>
            <style>
              <name>Character Creator/Header</name>
              <arguments>
                <key class="java.lang.String">Color</key>
                <value class="java.lang.String">Dark</value>
              </arguments>
            </style>
          </action>
        </entry>
        <entry>
          <action class="com.threerings.opengl.gui.config.ActionConfig$SetVisible">
            <target>smallicons</target>
          </action>
        </entry>
        <entry>
          <action class="com.threerings.opengl.gui.config.ActionConfig$SetVisible">
            <target>checkmark</target>
          </action>
        </entry>
        <entry>
          <time>0.3</time>
          <action class="com.threerings.opengl.gui.config.ActionConfig$SetVisible">
            <target>expandbutton</target>
          </action>
        </entry>
      </actions>
    </implementation>
  </entry>
  <entry>
    <name>Character Creator/Window Collapse Start</name>
    <parameters>
      <entry class="com.threerings.config.Parameter$Direct">
        <name>Completed Function</name>
        <paths>implementation.actions[2].action.action_on_complete.name</paths>
      </entry>
    </parameters>
    <implementation class="com.threerings.opengl.gui.config.InterfaceScriptConfig$Original">
      <actions>
        <entry>
          <action class="com.threerings.opengl.gui.config.ActionConfig$FadeAlpha">
            <target>container_random</target>
            <interval>0.25</interval>
            <start>1.0</start>
            <end>0.0</end>
          </action>
        </entry>
        <entry>
          <action class="com.threerings.opengl.gui.config.ActionConfig$FadeAlpha">
            <target>icontable</target>
            <interval>0.2</interval>
            <start>1.0</start>
            <end>0.0</end>
            <easing class="com.threerings.opengl.effect.Easing$QuadraticOut">
            </easing>
          </action>
        </entry>
        <entry>
          <action class="com.threerings.opengl.gui.config.ActionConfig$MoveOffset">
            <target>icontable</target>
            <interval>0.25</interval>
            <end>
              <translation>-1000.0, 0.0</translation>
            </end>
            <easing class="com.threerings.opengl.effect.Easing$QuadraticOut">
            </easing>
            <actionOnComplete class="com.threerings.opengl.gui.config.ActionConfig$CallFunction">
            </actionOnComplete>
          </action>
        </entry>
      </actions>
    </implementation>
  </entry>
  <entry>
    <name>Character Creator/Window Entry End</name>
    <parameters>
      <entry class="com.threerings.config.Parameter$Direct">
        <name>Target</name>
        <paths>implementation.actions[0].action.target, implementation.actions[1].action.target</paths>
      </entry>
      <entry class="com.threerings.config.Parameter$Direct">
        <name>Completed Function</name>
        <paths>implementation.actions[1].action.action_on_complete.name</paths>
      </entry>
    </parameters>
    <implementation class="com.threerings.opengl.gui.config.InterfaceScriptConfig$Original">
      <actions>
        <entry>
          <action class="com.threerings.opengl.gui.config.ActionConfig$FadeAlpha">
            <interval>0.2</interval>
            <easing class="com.threerings.opengl.effect.Easing$QuadraticIn">
            </easing>
          </action>
        </entry>
        <entry>
          <action class="com.threerings.opengl.gui.config.ActionConfig$MoveOffset">
            <interval>0.25</interval>
            <start>
              <translation>-1000.0, 0.0</translation>
            </start>
            <easing class="com.threerings.opengl.effect.Easing$QuadraticOut">
            </easing>
            <actionOnComplete class="com.threerings.opengl.gui.config.ActionConfig$CallFunction">
            </actionOnComplete>
          </action>
        </entry>
      </actions>
    </implementation>
  </entry>
  <entry>
    <name>Character Creator/Window Entry Start</name>
    <parameters>
      <entry class="com.threerings.config.Parameter$Direct">
        <name>Target</name>
        <paths>implementation.actions[0].action.target, implementation.actions[1].action.target, implementation.actions[2].action.target</paths>
      </entry>
    </parameters>
    <implementation class="com.threerings.opengl.gui.config.InterfaceScriptConfig$Original">
      <actions>
        <entry>
          <action class="com.threerings.opengl.gui.config.ActionConfig$SetOffset">
            <offset>
              <translation>-1000.0, 0.0</translation>
            </offset>
          </action>
        </entry>
        <entry>
          <action class="com.threerings.opengl.gui.config.ActionConfig$SetAlpha">
            <alpha>0.0</alpha>
          </action>
        </entry>
        <entry>
          <action class="com.threerings.opengl.gui.config.ActionConfig$SetVisible">
          </action>
        </entry>
      </actions>
    </implementation>
  </entry>
  <entry>
    <name>Character Creator/Window Expand End</name>
    <parameters>
      <entry class="com.threerings.config.Parameter$Direct">
        <name>Completed Function</name>
        <paths>implementation.actions[2].action.action_on_complete.name</paths>
      </entry>
    </parameters>
    <implementation class="com.threerings.opengl.gui.config.InterfaceScriptConfig$Original">
      <actions>
        <entry>
          <action class="com.threerings.opengl.gui.config.ActionConfig$FadeAlpha">
            <target>icontable</target>
            <interval>0.2</interval>
            <easing class="com.threerings.opengl.effect.Easing$QuadraticIn">
            </easing>
          </action>
        </entry>
        <entry>
          <action class="com.threerings.opengl.gui.config.ActionConfig$FadeAlpha">
            <target>container_random</target>
            <interval>0.25</interval>
          </action>
        </entry>
        <entry>
          <action class="com.threerings.opengl.gui.config.ActionConfig$MoveOffset">
            <target>icontable</target>
            <interval>0.25</interval>
            <start>
              <translation>-1000.0, 0.0</translation>
            </start>
            <easing class="com.threerings.opengl.effect.Easing$QuadraticOut">
            </easing>
            <actionOnComplete class="com.threerings.opengl.gui.config.ActionConfig$CallFunction">
            </actionOnComplete>
          </action>
        </entry>
      </actions>
    </implementation>
  </entry>
  <entry>
    <name>Character Creator/Window Expand Start</name>
    <implementation class="com.threerings.opengl.gui.config.InterfaceScriptConfig$Original">
      <actions>
        <entry>
          <action class="com.threerings.opengl.gui.config.ActionConfig$SetVisible">
            <target>expandbutton</target>
            <visible>false</visible>
          </action>
        </entry>
        <entry>
          <action class="com.threerings.opengl.gui.config.ActionConfig$SetVisible">
            <target>smallicons</target>
            <visible>false</visible>
          </action>
        </entry>
        <entry>
          <action class="com.threerings.opengl.gui.config.ActionConfig$SetStyle">
            <target>label_title</target>
            <style>
              <name>Character Creator/WindowTitle</name>
              <arguments>
                <key class="java.lang.String">Color</key>
                <value class="java.lang.String">Yellow</value>
              </arguments>
            </style>
          </action>
        </entry>
        <entry>
          <action class="com.threerings.opengl.gui.config.ActionConfig$SetStyle">
            <target>header</target>
            <style>
              <name>Character Creator/Header</name>
              <arguments>
                <key class="java.lang.String">Color</key>
                <value class="java.lang.String">Yellow</value>
              </arguments>
            </style>
          </action>
        </entry>
        <entry>
          <action class="com.threerings.opengl.gui.config.ActionConfig$SetOffset">
            <target>icontable</target>
            <offset>
              <translation>-1000.0, 0.0</translation>
            </offset>
          </action>
        </entry>
        <entry>
          <action class="com.threerings.opengl.gui.config.ActionConfig$SetAlpha">
            <target>icontable</target>
            <alpha>0.0</alpha>
          </action>
        </entry>
        <entry>
          <action class="com.threerings.opengl.gui.config.ActionConfig$SetAlpha">
            <target>container_random</target>
            <alpha>0.0</alpha>
          </action>
        </entry>
        <entry>
          <action class="com.threerings.opengl.gui.config.ActionConfig$SetVisible">
            <target>icontable</target>
          </action>
        </entry>
        <entry>
          <action class="com.threerings.opengl.gui.config.ActionConfig$SetVisible">
            <target>container_random</target>
          </action>
        </entry>
      </actions>
    </implementation>
  </entry>
  <entry>
    <name>Cutscene/Balloon/Balloon, Activate</name>
    <parameters>
      <entry class="com.threerings.config.Parameter$Direct">
        <name>Delay</name>
        <paths>implementation.actions[2].time</paths>
      </entry>
    </parameters>
    <implementation class="com.threerings.opengl.gui.config.InterfaceScriptConfig$Original">
      <actions>
        <entry>
          <action class="com.threerings.opengl.gui.config.ActionConfig$SetVisible">
            <target>ui_balloon</target>
            <visible>false</visible>
          </action>
        </entry>
        <entry>
          <action class="com.threerings.opengl.gui.config.ActionConfig$SetOffset">
            <target>ui_balloon</target>
            <offset>
              <translation>0.0, 300.0</translation>
            </offset>
          </action>
        </entry>
        <entry>
          <time>1.0</time>
          <action class="com.threerings.opengl.gui.config.ActionConfig$Compound">
            <actions>
              <entry class="com.threerings.opengl.gui.config.ActionConfig$SetVisible">
                <target>ui_balloon</target>
              </entry>
              <entry class="com.threerings.opengl.gui.config.ActionConfig$PlaySound">
                <sound>sound/feedback/ui_open.ogg</sound>
              </entry>
              <entry class="com.threerings.opengl.gui.config.ActionConfig$MoveOffset">
                <target>ui_balloon</target>
                <interval>0.667</interval>
                <start>
                  <translation>0.0, 300.0</translation>
                </start>
                <easing class="com.threerings.opengl.effect.Easing$CubicOutOvershoot">
                  <overshoot>1.1</overshoot>
                </easing>
              </entry>
            </actions>
          </action>
        </entry>
      </actions>
    </implementation>
  </entry>
  <entry>
    <name>Cutscene/Balloon/Balloon, Deactivate</name>
    <implementation class="com.threerings.opengl.gui.config.InterfaceScriptConfig$Original">
      <actions>
        <entry>
          <action class="com.threerings.opengl.gui.config.ActionConfig$SetVisible">
            <target>ui_balloon</target>
          </action>
        </entry>
        <entry>
          <action class="com.threerings.opengl.gui.config.ActionConfig$Compound">
            <actions>
              <entry class="com.threerings.opengl.gui.config.ActionConfig$MoveOffset">
                <target>ui_balloon</target>
                <start>
                  <translation>0.0, 300.0</translation>
                </start>
                <easing class="com.threerings.opengl.effect.Easing$CubicOut">
                </easing>
              </entry>
            </actions>
          </action>
        </entry>
        <entry>
          <action class="com.threerings.opengl.gui.config.ActionConfig$SetVisible">
            <target>ui_balloon</target>
            <visible>false</visible>
          </action>
        </entry>
      </actions>
    </implementation>
  </entry>
  <entry>
    <name>Cutscene/Delay</name>
    <parameters>
      <entry class="com.threerings.config.Parameter$Direct">
        <name>Time</name>
        <paths>implementation.actions[0].time</paths>
      </entry>
      <entry class="com.threerings.config.Parameter$Direct">
        <name>Action</name>
        <paths>implementation.actions[0].action</paths>
      </entry>
    </parameters>
    <implementation class="com.threerings.opengl.gui.config.InterfaceScriptConfig$Original">
      <actions>
        <entry>
          <action class="com.threerings.opengl.gui.config.ActionConfig$RunScript">
          </action>
        </entry>
      </actions>
    </implementation>
  </entry>
  <entry>
    <name>Cutscene/Fade/Fade from Black</name>
    <parameters>
      <entry class="com.threerings.config.Parameter$Direct">
        <name>Time</name>
        <paths>implementation.actions[1].time, implementation.actions[0].action.interval</paths>
      </entry>
      <entry class="com.threerings.config.Parameter$Direct">
        <name>Next Action</name>
        <paths>implementation.actions[1].action</paths>
      </entry>
    </parameters>
    <implementation class="com.threerings.opengl.gui.config.InterfaceScriptConfig$Original">
      <actions>
        <entry>
          <action class="com.threerings.opengl.gui.config.ActionConfig$FadeAlpha">
            <target>fadetoblack</target>
            <interval>2.0</interval>
            <start>1.0</start>
            <end>0.0</end>
            <easing class="com.threerings.opengl.effect.Easing$CubicOut">
            </easing>
          </action>
        </entry>
        <entry>
          <time>2.0</time>
          <action class="com.threerings.opengl.gui.config.ActionConfig$RunScript">
          </action>
        </entry>
      </actions>
    </implementation>
  </entry>
  <entry>
    <name>Cutscene/Fade/Fade to Black</name>
    <parameters>
      <entry class="com.threerings.config.Parameter$Direct">
        <name>Time</name>
        <paths>implementation.actions[1].time, implementation.actions[0].action.interval</paths>
      </entry>
      <entry class="com.threerings.config.Parameter$Direct">
        <name>Next Action</name>
        <paths>implementation.actions[1].action</paths>
      </entry>
    </parameters>
    <implementation class="com.threerings.opengl.gui.config.InterfaceScriptConfig$Original">
      <actions>
        <entry>
          <action class="com.threerings.opengl.gui.config.ActionConfig$FadeAlpha">
            <target>fadetoblack</target>
            <easing class="com.threerings.opengl.effect.Easing$CubicIn">
            </easing>
          </action>
        </entry>
        <entry>
          <time>1.0</time>
          <action class="com.threerings.opengl.gui.config.ActionConfig$RunScript">
          </action>
        </entry>
      </actions>
    </implementation>
  </entry>
  <entry>
    <name>Cutscene/Intro/Dramatic</name>
    <implementation class="com.threerings.opengl.gui.config.InterfaceScriptConfig$Original">
      <actions>
        <entry>
          <action class="com.threerings.opengl.gui.config.ActionConfig$RunScript">
            <interfaceScript>
              <name>Cutscene/Fade/Fade to Black</name>
              <arguments>
                <key class="java.lang.String">Next Action</key>
                <value class="com.threerings.opengl.gui.config.ActionConfig$Compound">
                </value>
                <key class="java.lang.String">Time</key>
                <value class="java.lang.Float">0.5</value>
              </arguments>
            </interfaceScript>
          </action>
        </entry>
        <entry>
          <time>0.25</time>
          <action class="com.threerings.opengl.gui.config.ActionConfig$RunScript">
            <interfaceScript>
              <name>Cutscene/Letterboxing/Letterbox, Activate</name>
            </interfaceScript>
          </action>
        </entry>
        <entry>
          <time>1.5</time>
          <action class="com.threerings.opengl.gui.config.ActionConfig$Compound">
            <actions>
              <entry class="com.threerings.opengl.gui.config.ActionConfig$SetVisible">
                <target>portrait_reply</target>
              </entry>
              <entry class="com.threerings.opengl.gui.config.ActionConfig$SetVisible">
                <target>backdrop_default</target>
              </entry>
            </actions>
          </action>
        </entry>
        <entry>
          <time>2.0</time>
          <action class="com.threerings.opengl.gui.config.ActionConfig$RunScript">
            <interfaceScript>
              <name>Cutscene/Fade/Fade from Black</name>
              <arguments>
                <key class="java.lang.String">Next Action</key>
                <value class="com.threerings.opengl.gui.config.ActionConfig$RunScript">
                </value>
                <key class="java.lang.String">Time</key>
                <value class="java.lang.Float">1.5</value>
              </arguments>
            </interfaceScript>
          </action>
        </entry>
      </actions>
    </implementation>
  </entry>
  <entry>
    <name>Cutscene/Intro/None</name>
    <implementation class="com.threerings.opengl.gui.config.InterfaceScriptConfig$Original">
      <actions>
        <entry>
          <action class="com.threerings.opengl.gui.config.ActionConfig$SetVisible">
            <target>portrait_reply</target>
          </action>
        </entry>
        <entry>
          <action class="com.threerings.opengl.gui.config.ActionConfig$SetVisible">
            <target>letterboxing</target>
          </action>
        </entry>
      </actions>
    </implementation>
  </entry>
  <entry>
    <name>Cutscene/Intro/Snappy</name>
    <implementation class="com.threerings.opengl.gui.config.InterfaceScriptConfig$Original">
      <actions>
        <entry>
          <action class="com.threerings.opengl.gui.config.ActionConfig$SetVisible">
            <target>portrait_reply</target>
          </action>
        </entry>
        <entry>
          <action class="com.threerings.opengl.gui.config.ActionConfig$RunScript">
            <interfaceScript>
              <name>Cutscene/Letterboxing/Letterbox, Activate</name>
            </interfaceScript>
          </action>
        </entry>
      </actions>
    </implementation>
  </entry>
  <entry>
    <name>Cutscene/Letterboxing/Letterbox, Activate</name>
    <implementation class="com.threerings.opengl.gui.config.InterfaceScriptConfig$Original">
      <actions>
        <entry>
          <action class="com.threerings.opengl.gui.config.ActionConfig$Compound">
            <actions>
              <entry class="com.threerings.opengl.gui.config.ActionConfig$SetOffset">
                <target>letterbox_top</target>
                <offset>
                  <translation>0.0, 256.0</translation>
                </offset>
              </entry>
              <entry class="com.threerings.opengl.gui.config.ActionConfig$SetOffset">
                <target>letterbox_bottom</target>
                <offset>
                  <translation>0.0, -256.0</translation>
                </offset>
              </entry>
              <entry class="com.threerings.opengl.gui.config.ActionConfig$SetVisible">
                <target>letterboxing</target>
              </entry>
            </actions>
          </action>
        </entry>
        <entry>
          <action class="com.threerings.opengl.gui.config.ActionConfig$Compound">
            <actions>
              <entry class="com.threerings.opengl.gui.config.ActionConfig$MoveOffset">
                <target>letterbox_top</target>
                <interval>1.5</interval>
                <start>
                  <translation>0.0, 256.0</translation>
                </start>
                <easing class="com.threerings.opengl.effect.Easing$CubicOut">
                </easing>
              </entry>
              <entry class="com.threerings.opengl.gui.config.ActionConfig$MoveOffset">
                <target>letterbox_bottom</target>
                <interval>1.5</interval>
                <start>
                  <translation>0.0, -256.0</translation>
                </start>
                <easing class="com.threerings.opengl.effect.Easing$CubicOut">
                </easing>
              </entry>
            </actions>
          </action>
        </entry>
      </actions>
    </implementation>
  </entry>
  <entry>
    <name>Cutscene/Letterboxing/Letterbox, Deactivate</name>
    <implementation class="com.threerings.opengl.gui.config.InterfaceScriptConfig$Original">
      <actions>
        <entry>
          <action class="com.threerings.opengl.gui.config.ActionConfig$Compound">
            <actions>
              <entry class="com.threerings.opengl.gui.config.ActionConfig$MoveOffset">
                <target>letterbox_top</target>
                <interval>1.5</interval>
                <end>
                  <translation>0.0, 256.0</translation>
                </end>
                <easing class="com.threerings.opengl.effect.Easing$CubicIn">
                </easing>
              </entry>
              <entry class="com.threerings.opengl.gui.config.ActionConfig$MoveOffset">
                <target>letterbox_bottom</target>
                <interval>1.5</interval>
                <end>
                  <translation>0.0, -256.0</translation>
                </end>
                <easing class="com.threerings.opengl.effect.Easing$CubicIn">
                </easing>
              </entry>
            </actions>
          </action>
        </entry>
        <entry>
          <time>2.0</time>
          <action class="com.threerings.opengl.gui.config.ActionConfig$Compound">
            <actions>
              <entry class="com.threerings.opengl.gui.config.ActionConfig$SetVisible">
                <target>letterboxing</target>
                <visible>false</visible>
              </entry>
            </actions>
          </action>
        </entry>
      </actions>
    </implementation>
  </entry>
  <entry>
    <name>Cutscene/Responses/Responses, Activate</name>
    <parameters>
      <entry class="com.threerings.config.Parameter$Direct">
        <name>Delay</name>
        <paths>implementation.actions[2].time</paths>
      </entry>
    </parameters>
    <implementation class="com.threerings.opengl.gui.config.InterfaceScriptConfig$Original">
      <actions>
        <entry>
          <action class="com.threerings.opengl.gui.config.ActionConfig$SetVisible">
            <target>ui_responses</target>
            <visible>false</visible>
          </action>
        </entry>
        <entry>
          <action class="com.threerings.opengl.gui.config.ActionConfig$SetOffset">
            <target>ui_responses</target>
            <offset>
              <translation>0.0, -256.0</translation>
            </offset>
          </action>
        </entry>
        <entry>
          <time>1.0</time>
          <action class="com.threerings.opengl.gui.config.ActionConfig$Compound">
            <actions>
              <entry class="com.threerings.opengl.gui.config.ActionConfig$SetVisible">
                <target>ui_responses</target>
              </entry>
              <entry class="com.threerings.opengl.gui.config.ActionConfig$MoveOffset">
                <target>ui_responses</target>
                <interval>0.667</interval>
                <start>
                  <translation>0.0, -256.0</translation>
                </start>
                <easing class="com.threerings.opengl.effect.Easing$CubicOutOvershoot">
                  <overshoot>1.1</overshoot>
                </easing>
              </entry>
            </actions>
          </action>
        </entry>
      </actions>
    </implementation>
  </entry>
  <entry>
    <name>Cutscene/Responses/Responses, Deactivate</name>
    <implementation class="com.threerings.opengl.gui.config.InterfaceScriptConfig$Original">
      <actions>
        <entry>
          <action class="com.threerings.opengl.gui.config.ActionConfig$SetVisible">
            <target>ui_responses</target>
          </action>
        </entry>
        <entry>
          <action class="com.threerings.opengl.gui.config.ActionConfig$Compound">
            <actions>
              <entry class="com.threerings.opengl.gui.config.ActionConfig$MoveOffset">
                <target>ui_responses</target>
                <start>
                  <translation>0.0, -256.0</translation>
                </start>
                <easing class="com.threerings.opengl.effect.Easing$CubicOut">
                </easing>
              </entry>
            </actions>
          </action>
        </entry>
        <entry>
          <action class="com.threerings.opengl.gui.config.ActionConfig$SetVisible">
            <target>ui_responses</target>
            <visible>false</visible>
          </action>
        </entry>
      </actions>
    </implementation>
  </entry>
  <entry>
    <name>Gift/Popup, Add</name>
    <implementation class="com.threerings.opengl.gui.config.InterfaceScriptConfig$Original">
      <actions>
        <entry>
          <action class="com.threerings.opengl.gui.config.ActionConfig$Compound">
            <actions>
              <entry class="com.threerings.opengl.gui.config.ActionConfig$SetVisible">
                <target>box_closed</target>
                <visible>false</visible>
              </entry>
              <entry class="com.threerings.opengl.gui.config.ActionConfig$SetVisible">
                <target>title</target>
                <visible>false</visible>
              </entry>
            </actions>
          </action>
        </entry>
        <entry>
          <action class="com.threerings.opengl.gui.config.ActionConfig$MoveOffset">
            <target>backdrop</target>
            <interval>0.333</interval>
            <start>
              <scale>0.333</scale>
            </start>
            <end>
              <scale>0.667</scale>
            </end>
            <easing class="com.threerings.opengl.effect.Easing$CubicOut">
            </easing>
          </action>
        </entry>
        <entry>
          <action class="com.threerings.opengl.gui.config.ActionConfig$FadeAlpha">
            <target>backdrop</target>
            <interval>0.333</interval>
            <easing class="com.threerings.opengl.effect.Easing$CubicOut">
            </easing>
          </action>
        </entry>
        <entry>
          <time>0.2</time>
          <action class="com.threerings.opengl.gui.config.ActionConfig$Compound">
            <actions>
              <entry class="com.threerings.opengl.gui.config.ActionConfig$SetVisible">
                <target>box_closed</target>
              </entry>
              <entry class="com.threerings.opengl.gui.config.ActionConfig$MoveOffset">
                <target>box_closed</target>
                <interval>0.5</interval>
                <start>
                  <scale>0.0</scale>
                  <rotation>-0.7853982</rotation>
                </start>
                <end>
                  <scale>0.667</scale>
                </end>
                <easing class="com.threerings.opengl.effect.Easing$CubicOutOvershoot">
                  <overshoot>1.1</overshoot>
                </easing>
              </entry>
            </actions>
          </action>
        </entry>
        <entry>
          <action class="com.threerings.opengl.gui.config.ActionConfig$Compound">
            <actions>
              <entry class="com.threerings.opengl.gui.config.ActionConfig$SetAlpha">
                <target>title</target>
                <alpha>0.0</alpha>
              </entry>
              <entry class="com.threerings.opengl.gui.config.ActionConfig$SetOffset">
                <target>tag</target>
                <offset>
                  <scale>0.0</scale>
                  <translation>200.0, 0.0</translation>
                </offset>
              </entry>
              <entry class="com.threerings.opengl.gui.config.ActionConfig$SetVisible">
                <target>title</target>
              </entry>
              <entry class="com.threerings.opengl.gui.config.ActionConfig$FadeAlpha">
                <target>title</target>
                <interval>0.5</interval>
                <easing class="com.threerings.opengl.effect.Easing$CubicOut">
                </easing>
              </entry>
              <entry class="com.threerings.opengl.gui.config.ActionConfig$MoveOffset">
                <target>title</target>
                <interval>0.5</interval>
                <start>
                  <translation>200.0, 0.0</translation>
                </start>
                <easing class="com.threerings.opengl.effect.Easing$CubicOutOvershoot">
                  <overshoot>1.5</overshoot>
                </easing>
              </entry>
            </actions>
          </action>
        </entry>
      </actions>
    </implementation>
  </entry>
  <entry>
    <name>Gift/Unwrap, Add</name>
    <implementation class="com.threerings.opengl.gui.config.InterfaceScriptConfig$Original">
      <actions>
        <entry>
          <action class="com.threerings.opengl.gui.config.ActionConfig$Compound">
            <actions>
              <entry class="com.threerings.opengl.gui.config.ActionConfig$SetVisible">
                <target>box_closed</target>
                <visible>false</visible>
              </entry>
              <entry class="com.threerings.opengl.gui.config.ActionConfig$SetVisible">
                <target>box_open</target>
                <visible>false</visible>
              </entry>
              <entry class="com.threerings.opengl.gui.config.ActionConfig$SetVisible">
                <target>tag</target>
                <visible>false</visible>
              </entry>
            </actions>
          </action>
        </entry>
        <entry>
          <action class="com.threerings.opengl.gui.config.ActionConfig$MoveOffset">
            <target>backdrop</target>
            <interval>0.333</interval>
            <start>
              <scale>0.5</scale>
            </start>
            <easing class="com.threerings.opengl.effect.Easing$CubicOut">
            </easing>
          </action>
        </entry>
        <entry>
          <action class="com.threerings.opengl.gui.config.ActionConfig$FadeAlpha">
            <target>backdrop</target>
            <interval>0.333</interval>
            <easing class="com.threerings.opengl.effect.Easing$CubicOut">
            </easing>
          </action>
        </entry>
        <entry>
          <time>0.2</time>
          <action class="com.threerings.opengl.gui.config.ActionConfig$Compound">
            <actions>
              <entry class="com.threerings.opengl.gui.config.ActionConfig$SetVisible">
                <target>box_closed</target>
              </entry>
              <entry class="com.threerings.opengl.gui.config.ActionConfig$MoveOffset">
                <target>box_closed</target>
                <interval>0.5</interval>
                <start>
                  <scale>0.0</scale>
                  <translation>-150.0, 0.0</translation>
                  <rotation>-0.7853982</rotation>
                </start>
                <end>
                  <scale>1.2</scale>
                  <translation>-150.0, 0.0</translation>
                </end>
                <easing class="com.threerings.opengl.effect.Easing$CubicOutOvershoot">
                  <overshoot>1.1</overshoot>
                </easing>
              </entry>
            </actions>
          </action>
        </entry>
        <entry>
          <time>1.0</time>
          <action class="com.threerings.opengl.gui.config.ActionConfig$MoveOffset">
            <target>box_closed</target>
            <interval>0.5</interval>
            <start>
              <scale>1.2</scale>
              <translation>-150.0, 0.0</translation>
            </start>
            <easing class="com.threerings.opengl.effect.Easing$CubicOut">
            </easing>
          </action>
        </entry>
        <entry>
          <time>1.2</time>
          <action class="com.threerings.opengl.gui.config.ActionConfig$PlaySound">
            <sound>sound/feedback/ui_merchant_trade_remove.ogg</sound>
          </action>
        </entry>
        <entry>
          <time>1.3</time>
          <action class="com.threerings.opengl.gui.config.ActionConfig$Compound">
            <actions>
              <entry class="com.threerings.opengl.gui.config.ActionConfig$SetVisible">
                <target>report_player</target>
              </entry>
              <entry class="com.threerings.opengl.gui.config.ActionConfig$FadeAlpha">
                <target>report_player</target>
                <interval>0.25</interval>
                <easing class="com.threerings.opengl.effect.Easing$CubicOut">
                </easing>
              </entry>
            </actions>
          </action>
        </entry>
        <entry>
          <time>1.3</time>
          <action class="com.threerings.opengl.gui.config.ActionConfig$Compound">
            <actions>
              <entry class="com.threerings.opengl.gui.config.ActionConfig$SetAlpha">
                <target>tag</target>
                <alpha>0.0</alpha>
              </entry>
              <entry class="com.threerings.opengl.gui.config.ActionConfig$SetOffset">
                <target>tag</target>
                <offset>
                  <scale>0.0</scale>
                  <translation>200.0, -300.0</translation>
                  <rotation>0.7853982</rotation>
                </offset>
              </entry>
              <entry class="com.threerings.opengl.gui.config.ActionConfig$SetVisible">
                <target>tag</target>
              </entry>
              <entry class="com.threerings.opengl.gui.config.ActionConfig$FadeAlpha">
                <target>tag</target>
                <interval>0.5</interval>
                <easing class="com.threerings.opengl.effect.Easing$CubicOut">
                </easing>
              </entry>
              <entry class="com.threerings.opengl.gui.config.ActionConfig$MoveOffset">
                <target>tag</target>
                <interval>0.5</interval>
                <start>
                  <scale>0.0</scale>
                  <translation>200.0, -300.0</translation>
                  <rotation>0.7853982</rotation>
                </start>
                <easing class="com.threerings.opengl.effect.Easing$CubicOutOvershoot">
                  <overshoot>1.5</overshoot>
                </easing>
              </entry>
            </actions>
          </action>
        </entry>
        <entry>
          <time>1.3</time>
          <action class="com.threerings.opengl.gui.config.ActionConfig$MoveOffset">
            <target>box_closed</target>
            <interval>0.3</interval>
            <start>
              <scale>0.9</scale>
            </start>
            <easing class="com.threerings.opengl.effect.Easing$CubicOutOvershoot">
            </easing>
          </action>
        </entry>
        <entry>
          <time>1.3</time>
          <action class="com.threerings.opengl.gui.config.ActionConfig$SetVisible">
            <target>box_open</target>
          </action>
        </entry>
        <entry>
          <time>1.6</time>
          <action class="com.threerings.opengl.gui.config.ActionConfig$RunScript">
            <interfaceScript>
              <name>Gift/Unwrap, Wiggle</name>
            </interfaceScript>
          </action>
        </entry>
      </actions>
    </implementation>
  </entry>
  <entry>
    <name>Gift/Unwrap, Wiggle</name>
    <implementation class="com.threerings.opengl.gui.config.InterfaceScriptConfig$Original">
      <loopDuration>1.0</loopDuration>
      <actions>
        <entry>
          <action class="com.threerings.opengl.gui.config.ActionConfig$MoveOffset">
            <target>box_closed</target>
            <interval>0.5</interval>
            <end>
              <rotation>-0.17453292</rotation>
            </end>
            <easing class="com.threerings.opengl.effect.Easing$QuadraticInAndOut">
            </easing>
          </action>
        </entry>
        <entry>
          <time>0.5</time>
          <action class="com.threerings.opengl.gui.config.ActionConfig$MoveOffset">
            <target>box_closed</target>
            <interval>0.5</interval>
            <start>
              <rotation>-0.17453292</rotation>
            </start>
            <easing class="com.threerings.opengl.effect.Easing$QuadraticInAndOut">
            </easing>
          </action>
        </entry>
      </actions>
    </implementation>
  </entry>
  <entry>
    <name>Gift/Wrap, Add</name>
    <implementation class="com.threerings.opengl.gui.config.InterfaceScriptConfig$Original">
      <actions>
        <entry>
          <action class="com.threerings.opengl.gui.config.ActionConfig$Compound">
            <actions>
              <entry class="com.threerings.opengl.gui.config.ActionConfig$SetVisible">
                <target>box_closed</target>
                <visible>false</visible>
              </entry>
              <entry class="com.threerings.opengl.gui.config.ActionConfig$SetVisible">
                <target>box_open</target>
                <visible>false</visible>
              </entry>
              <entry class="com.threerings.opengl.gui.config.ActionConfig$SetVisible">
                <target>tag</target>
                <visible>false</visible>
              </entry>
            </actions>
          </action>
        </entry>
        <entry>
          <action class="com.threerings.opengl.gui.config.ActionConfig$MoveOffset">
            <target>backdrop</target>
            <interval>0.333</interval>
            <start>
              <scale>0.5</scale>
            </start>
            <easing class="com.threerings.opengl.effect.Easing$CubicOut">
            </easing>
          </action>
        </entry>
        <entry>
          <action class="com.threerings.opengl.gui.config.ActionConfig$FadeAlpha">
            <target>backdrop</target>
            <interval>0.333</interval>
            <easing class="com.threerings.opengl.effect.Easing$CubicOut">
            </easing>
          </action>
        </entry>
        <entry>
          <time>0.2</time>
          <action class="com.threerings.opengl.gui.config.ActionConfig$Compound">
            <actions>
              <entry class="com.threerings.opengl.gui.config.ActionConfig$SetVisible">
                <target>box_closed</target>
              </entry>
              <entry class="com.threerings.opengl.gui.config.ActionConfig$MoveOffset">
                <target>box_closed</target>
                <interval>0.5</interval>
                <start>
                  <scale>0.0</scale>
                  <translation>-150.0, 0.0</translation>
                  <rotation>-0.7853982</rotation>
                </start>
                <end>
                  <scale>1.2</scale>
                  <translation>-150.0, 0.0</translation>
                </end>
                <easing class="com.threerings.opengl.effect.Easing$CubicOutOvershoot">
                  <overshoot>1.1</overshoot>
                </easing>
              </entry>
            </actions>
          </action>
        </entry>
        <entry>
          <time>1.0</time>
          <action class="com.threerings.opengl.gui.config.ActionConfig$MoveOffset">
            <target>box_closed</target>
            <interval>0.5</interval>
            <start>
              <scale>1.2</scale>
              <translation>-150.0, 0.0</translation>
            </start>
            <easing class="com.threerings.opengl.effect.Easing$CubicOut">
            </easing>
          </action>
        </entry>
        <entry>
          <time>1.2</time>
          <action class="com.threerings.opengl.gui.config.ActionConfig$PlaySound">
            <sound>sound/effect/world/block_treasure.ogg</sound>
          </action>
        </entry>
        <entry>
          <time>1.3</time>
          <action class="com.threerings.opengl.gui.config.ActionConfig$Compound">
            <actions>
              <entry class="com.threerings.opengl.gui.config.ActionConfig$SetAlpha">
                <target>tag</target>
                <alpha>0.0</alpha>
              </entry>
              <entry class="com.threerings.opengl.gui.config.ActionConfig$SetOffset">
                <target>tag</target>
                <offset>
                  <scale>0.0</scale>
                  <translation>200.0, -300.0</translation>
                  <rotation>0.7853982</rotation>
                </offset>
              </entry>
              <entry class="com.threerings.opengl.gui.config.ActionConfig$SetVisible">
                <target>tag</target>
              </entry>
              <entry class="com.threerings.opengl.gui.config.ActionConfig$FadeAlpha">
                <target>tag</target>
                <interval>0.5</interval>
                <easing class="com.threerings.opengl.effect.Easing$CubicOut">
                </easing>
              </entry>
              <entry class="com.threerings.opengl.gui.config.ActionConfig$MoveOffset">
                <target>tag</target>
                <interval>0.5</interval>
                <start>
                  <scale>0.0</scale>
                  <translation>200.0, -300.0</translation>
                  <rotation>0.7853982</rotation>
                </start>
                <easing class="com.threerings.opengl.effect.Easing$CubicOutOvershoot">
                  <overshoot>1.5</overshoot>
                </easing>
              </entry>
            </actions>
          </action>
        </entry>
        <entry>
          <time>1.3</time>
          <action class="com.threerings.opengl.gui.config.ActionConfig$MoveOffset">
            <target>box_closed</target>
            <interval>0.2</interval>
            <start>
              <scale>0.9</scale>
            </start>
            <end>
              <scale>1.3</scale>
            </end>
            <easing class="com.threerings.opengl.effect.Easing$CubicOutOvershoot">
            </easing>
          </action>
        </entry>
        <entry>
          <time>1.4</time>
          <action class="com.threerings.opengl.gui.config.ActionConfig$Compound">
            <actions>
              <entry class="com.threerings.opengl.gui.config.ActionConfig$SetVisible">
                <target>box_closed</target>
                <visible>false</visible>
              </entry>
              <entry class="com.threerings.opengl.gui.config.ActionConfig$SetVisible">
                <target>box_open</target>
              </entry>
              <entry class="com.threerings.opengl.gui.config.ActionConfig$MoveOffset">
                <target>box_open</target>
                <interval>0.2</interval>
                <start>
                  <scale>1.2</scale>
                </start>
                <easing class="com.threerings.opengl.effect.Easing$CubicOutOvershoot">
                </easing>
              </entry>
            </actions>
          </action>
        </entry>
        <entry>
          <time>2.0</time>
          <action class="com.threerings.opengl.gui.config.ActionConfig$Compound">
            <actions>
              <entry class="com.threerings.opengl.gui.config.ActionConfig$AnimateOffset">
                <target>arrow_left</target>
                <value class="com.threerings.expr.Transform2DExpression$Uniform">
                  <translation class="com.threerings.expr.Vector2fExpression$Cartesian">
                    <x class="com.threerings.expr.FloatExpression$Parsed">
                      <expression>sin(clock()*5)*3</expression>
                    </x>
                  </translation>
                </value>
              </entry>
              <entry class="com.threerings.opengl.gui.config.ActionConfig$AnimateOffset">
                <target>arrow_right</target>
                <value class="com.threerings.expr.Transform2DExpression$Uniform">
                  <translation class="com.threerings.expr.Vector2fExpression$Cartesian">
                    <x class="com.threerings.expr.FloatExpression$Parsed">
                      <expression>-sin(clock()*5)*3</expression>
                    </x>
                  </translation>
                </value>
              </entry>
            </actions>
          </action>
        </entry>
      </actions>
    </implementation>
  </entry>
  <entry>
    <name>Original</name>
    <parameters>
      <entry class="com.threerings.config.Parameter$Direct">
        <name>Actions</name>
        <paths>implementation.actions</paths>
      </entry>
    </parameters>
  </entry>
  <entry>
    <name>Remove/Fade Out</name>
    <parameters>
      <entry class="com.threerings.config.Parameter$Direct">
        <name>Target</name>
        <paths>implementation.actions[0].action.target</paths>
      </entry>
    </parameters>
    <implementation class="com.threerings.opengl.gui.config.InterfaceScriptConfig$Original">
      <actions>
        <entry>
          <action class="com.threerings.opengl.gui.config.ActionConfig$FadeAlpha">
            <target>(Target)</target>
            <interval>1.5</interval>
            <start>1.0</start>
            <end>0.0</end>
            <easing class="com.threerings.opengl.effect.Easing$QuadraticIn">
            </easing>
          </action>
        </entry>
      </actions>
    </implementation>
  </entry>
  <entry>
    <name>Remove/HUD</name>
    <implementation class="com.threerings.opengl.gui.config.InterfaceScriptConfig$Original">
      <actions>
        <entry>
          <action class="com.threerings.opengl.gui.config.ActionConfig$Compound">
            <actions>
              <entry class="com.threerings.opengl.gui.config.ActionConfig$MoveOffset">
                <target>player</target>
                <interval>0.333</interval>
                <end>
                  <translation>-200.0, 500.0</translation>
                </end>
                <easing class="com.threerings.opengl.effect.Easing$CubicInOvershoot">
                  <overshoot>0.25</overshoot>
                </easing>
              </entry>
              <entry class="com.threerings.opengl.gui.config.ActionConfig$MoveOffset">
                <target>minimap</target>
                <interval>0.333</interval>
                <end>
                  <translation>200.0, 500.0</translation>
                </end>
                <easing class="com.threerings.opengl.effect.Easing$CubicInOvershoot">
                  <overshoot>0.25</overshoot>
                </easing>
              </entry>
              <entry class="com.threerings.opengl.gui.config.ActionConfig$MoveOffset">
                <target>description</target>
                <interval>0.333</interval>
                <end>
                  <translation>0.0, 200.0</translation>
                </end>
                <easing class="com.threerings.opengl.effect.Easing$CubicInOvershoot">
                  <overshoot>0.25</overshoot>
                </easing>
              </entry>
              <entry class="com.threerings.opengl.gui.config.ActionConfig$MoveOffset">
                <target>rightMenu</target>
                <interval>0.5</interval>
                <end>
                  <scale>0.0</scale>
                  <translation>212.0, 0.0</translation>
                </end>
                <easing class="com.threerings.opengl.effect.Easing$CubicInOvershoot">
                  <overshoot>0.25</overshoot>
                </easing>
              </entry>
              <entry class="com.threerings.opengl.gui.config.ActionConfig$MoveOffset">
                <target>leftMenu</target>
                <interval>0.5</interval>
                <end>
                  <scale>0.0</scale>
                  <translation>-249.0, 0.0</translation>
                </end>
                <easing class="com.threerings.opengl.effect.Easing$CubicInOvershoot">
                  <overshoot>0.25</overshoot>
                </easing>
              </entry>
              <entry class="com.threerings.opengl.gui.config.ActionConfig$MoveOffset">
                <target>party</target>
                <interval>0.667</interval>
                <end>
                  <translation>-500.0, 0.0</translation>
                </end>
                <easing class="com.threerings.opengl.effect.Easing$CubicInOvershoot">
                  <overshoot>0.25</overshoot>
                </easing>
              </entry>
              <entry class="com.threerings.opengl.gui.config.ActionConfig$MoveOffset">
                <target>quickbar</target>
                <interval>0.5</interval>
                <end>
                  <translation>0.0, -200.0</translation>
                </end>
                <easing class="com.threerings.opengl.effect.Easing$CubicInOvershoot">
                  <overshoot>0.25</overshoot>
                </easing>
              </entry>
              <entry class="com.threerings.opengl.gui.config.ActionConfig$MoveOffset">
                <target>activities</target>
                <interval>0.5</interval>
                <end>
                  <translation>200.0, 0.0</translation>
                </end>
                <easing class="com.threerings.opengl.effect.Easing$CubicInOvershoot">
                  <overshoot>0.25</overshoot>
                </easing>
              </entry>
              <entry class="com.threerings.opengl.gui.config.ActionConfig$MoveOffset">
                <target>objectives</target>
                <interval>0.5</interval>
                <end>
                  <translation>200.0, 0.0</translation>
                </end>
                <easing class="com.threerings.opengl.effect.Easing$CubicInOvershoot">
                  <overshoot>0.25</overshoot>
                </easing>
              </entry>
            </actions>
          </action>
        </entry>
      </actions>
    </implementation>
  </entry>
</object>
</java>
