<?xml version="1.0" encoding="UTF-8"?>
<java class="com.threerings.export.XMLImporter" version="1.0">
<object class="[Lcom.threerings.projectx.dungeon.config.ItemDepthWeightConfig;">
  <entry>
    <name>Gear</name>
    <implementation class="com.threerings.projectx.dungeon.config.ItemDepthWeightConfig$Original">
      <depthWeights>
        <entry>
          <weight>200</weight>
        </entry>
        <entry>
          <weight>200</weight>
        </entry>
        <entry>
          <startDepth>3</startDepth>
          <idealDepth>5</idealDepth>
          <weight>150</weight>
        </entry>
        <entry>
          <startDepth>9</startDepth>
          <idealDepth>12</idealDepth>
          <weight>100</weight>
        </entry>
        <entry>
          <startDepth>12</startDepth>
          <idealDepth>14</idealDepth>
          <weight>50</weight>
        </entry>
        <entry>
          <startDepth>19</startDepth>
          <idealDepth>24</idealDepth>
          <weight>5</weight>
        </entry>
      </depthWeights>
    </implementation>
  </entry>
  <entry>
    <name>Materials</name>
    <implementation class="com.threerings.projectx.dungeon.config.ItemDepthWeightConfig$Original">
      <depthWeights>
        <entry>
          <weight>200</weight>
        </entry>
        <entry>
          <weight>200</weight>
        </entry>
        <entry>
          <startDepth>3</startDepth>
          <idealDepth>5</idealDepth>
          <weight>150</weight>
        </entry>
        <entry>
          <startDepth>9</startDepth>
          <idealDepth>12</idealDepth>
          <weight>100</weight>
        </entry>
        <entry>
          <startDepth>12</startDepth>
          <idealDepth>14</idealDepth>
          <weight>45</weight>
        </entry>
        <entry>
          <startDepth>19</startDepth>
          <idealDepth>24</idealDepth>
          <weight>20</weight>
        </entry>
      </depthWeights>
    </implementation>
  </entry>
  <entry>
    <name>Materials, Treasure Box</name>
    <implementation class="com.threerings.projectx.dungeon.config.ItemDepthWeightConfig$Original">
      <depthWeights>
        <entry>
        </entry>
        <entry>
          <weight>200</weight>
        </entry>
        <entry>
          <startDepth>3</startDepth>
          <idealDepth>5</idealDepth>
          <weight>175</weight>
        </entry>
        <entry>
          <startDepth>9</startDepth>
          <idealDepth>12</idealDepth>
          <weight>150</weight>
        </entry>
        <entry>
          <startDepth>12</startDepth>
          <idealDepth>14</idealDepth>
          <weight>100</weight>
        </entry>
        <entry>
          <startDepth>19</startDepth>
          <idealDepth>24</idealDepth>
          <weight>50</weight>
        </entry>
      </depthWeights>
    </implementation>
  </entry>
  <entry>
    <name>Mineral Deposit</name>
    <implementation class="com.threerings.projectx.dungeon.config.ItemDepthWeightConfig$Original">
      <depthWeights>
        <entry>
        </entry>
        <entry>
          <weight>200</weight>
        </entry>
        <entry>
          <weight>100</weight>
        </entry>
        <entry>
          <idealDepth>5</idealDepth>
          <weight>50</weight>
        </entry>
        <entry>
          <idealDepth>9</idealDepth>
          <weight>10</weight>
        </entry>
        <entry>
          <idealDepth>12</idealDepth>
          <weight>2</weight>
        </entry>
      </depthWeights>
    </implementation>
  </entry>
</object>
</java>
