<?xml version="1.0" encoding="UTF-8"?>
<java class="com.threerings.export.XMLImporter" version="1.0">
<object class="[Lcom.threerings.projectx.item.config.ItemPropertyConfig;">
  <entry>
    <name>Armor</name>
    <implementation class="com.threerings.projectx.item.config.ItemPropertyConfig$Level">
      <itemProps>
        <entry>
          <buyPrice>150</buyPrice>
          <sellPrice>1</sellPrice>
          <depotCost>25</depotCost>
          <baseHeat>10</baseHeat>
          <maxHeat>1000</maxHeat>
          <levelTable>
            <name>Gear/Gear (+Health) 0</name>
          </levelTable>
          <forgeProperty>
            <name>Star 0</name>
          </forgeProperty>
        </entry>
        <entry>
          <buyPrice>3000</buyPrice>
          <sellPrice>300</sellPrice>
          <depotCost>65</depotCost>
          <baseHeat>75</baseHeat>
          <levelTable>
            <name>Gear/Gear (+Health) 1</name>
          </levelTable>
          <forgeProperty>
            <name>Star 1</name>
          </forgeProperty>
        </entry>
        <entry>
          <buyPrice>7500</buyPrice>
          <sellPrice>750</sellPrice>
          <depotCost>150</depotCost>
          <baseHeat>100</baseHeat>
          <maxHeat>5000</maxHeat>
          <levelTable>
            <name>Gear/Gear (+Health) 2</name>
          </levelTable>
          <forgeProperty>
            <name>Star 2</name>
          </forgeProperty>
        </entry>
        <entry>
          <buyPrice>35000</buyPrice>
          <sellPrice>3500</sellPrice>
          <depotCost>500</depotCost>
          <baseHeat>125</baseHeat>
          <maxHeat>10000</maxHeat>
          <levelTable>
            <name>Gear/Gear (+Health) 3</name>
          </levelTable>
          <forgeProperty>
            <name>Star 3</name>
          </forgeProperty>
        </entry>
        <entry>
          <buyPrice>100000</buyPrice>
          <sellPrice>10000</sellPrice>
          <depotCost>1600</depotCost>
          <baseHeat>150</baseHeat>
          <maxHeat>20000</maxHeat>
          <levelTable>
            <name>Gear/Gear (+Health) 4</name>
          </levelTable>
          <forgeProperty>
            <name>Star 4</name>
          </forgeProperty>
        </entry>
        <entry>
          <buyPrice>300000</buyPrice>
          <sellPrice>30000</sellPrice>
          <depotCost>3500</depotCost>
          <baseHeat>200</baseHeat>
          <maxHeat>30000</maxHeat>
          <levelTable>
            <name>Gear/Gear (+Health) 5</name>
          </levelTable>
          <forgeProperty>
            <name>Star 5</name>
          </forgeProperty>
        </entry>
      </itemProps>
    </implementation>
  </entry>
  <entry>
    <name>Bomb</name>
    <implementation class="com.threerings.projectx.item.config.ItemPropertyConfig$Derived">
      <itemProperty>
        <name>Parts/Weapon</name>
      </itemProperty>
    </implementation>
  </entry>
  <entry>
    <name>Candy Token</name>
    <implementation class="com.threerings.projectx.item.config.ItemPropertyConfig$Base">
      <itemProps>
        <entry>
          <buyPrice>2000</buyPrice>
        </entry>
      </itemProps>
    </implementation>
  </entry>
  <entry>
    <name>Confetti</name>
    <implementation class="com.threerings.projectx.item.config.ItemPropertyConfig$Level">
      <itemProps>
        <entry>
          <buyPrice>300</buyPrice>
          <sellPrice>1</sellPrice>
          <baseHeat>0</baseHeat>
          <maxHeat>0</maxHeat>
        </entry>
      </itemProps>
    </implementation>
  </entry>
  <entry>
    <name>Costume</name>
    <implementation class="com.threerings.projectx.item.config.ItemPropertyConfig$Level">
      <itemProps>
        <entry>
          <sellPrice>1</sellPrice>
          <depotCost>3500</depotCost>
          <baseHeat>0</baseHeat>
          <maxHeat>0</maxHeat>
        </entry>
      </itemProps>
    </implementation>
  </entry>
  <entry>
    <name>Depot/Alchemy</name>
    <implementation class="com.threerings.projectx.item.config.ItemPropertyConfig$Base">
      <itemProps>
        <entry>
        </entry>
        <entry>
          <depotCost>10</depotCost>
        </entry>
        <entry>
          <depotCost>50</depotCost>
        </entry>
        <entry>
          <depotCost>200</depotCost>
        </entry>
        <entry>
          <depotCost>400</depotCost>
        </entry>
        <entry>
          <depotCost>800</depotCost>
        </entry>
      </itemProps>
    </implementation>
  </entry>
  <entry>
    <name>Depot/Coin Bonus</name>
    <implementation class="com.threerings.projectx.item.config.ItemPropertyConfig$Base">
      <itemProps>
        <entry>
          <depotCost>300</depotCost>
        </entry>
      </itemProps>
    </implementation>
  </entry>
  <entry>
    <name>Depot/Evo Catalyst</name>
    <implementation class="com.threerings.projectx.item.config.ItemPropertyConfig$Base">
      <itemProps>
        <entry>
        </entry>
        <entry>
          <depotCost>125</depotCost>
        </entry>
        <entry>
          <depotCost>125</depotCost>
        </entry>
        <entry>
          <depotCost>250</depotCost>
        </entry>
        <entry>
          <depotCost>250</depotCost>
        </entry>
        <entry>
          <depotCost>525</depotCost>
        </entry>
      </itemProps>
    </implementation>
  </entry>
  <entry>
    <name>Depot/Fire Crystal</name>
    <implementation class="com.threerings.projectx.item.config.ItemPropertyConfig$Base">
      <itemProps>
        <entry>
          <buyPrice>50</buyPrice>
          <sellPrice>1</sellPrice>
        </entry>
        <entry>
          <buyPrice>125</buyPrice>
        </entry>
        <entry>
          <depotCost>85</depotCost>
        </entry>
        <entry>
          <depotCost>175</depotCost>
        </entry>
        <entry>
          <depotCost>350</depotCost>
        </entry>
        <entry>
          <depotCost>700</depotCost>
        </entry>
      </itemProps>
    </implementation>
  </entry>
  <entry>
    <name>Depot/Heat Bonus</name>
    <implementation class="com.threerings.projectx.item.config.ItemPropertyConfig$Base">
      <itemProps>
        <entry>
          <depotCost>800</depotCost>
        </entry>
      </itemProps>
    </implementation>
  </entry>
  <entry>
    <name>Depot/Heat Bonus (30 days)</name>
    <implementation class="com.threerings.projectx.item.config.ItemPropertyConfig$Base">
      <itemProps>
        <entry>
          <depotCost>5000</depotCost>
        </entry>
      </itemProps>
    </implementation>
  </entry>
  <entry>
    <name>Depot/Heat Bonus (7 days)</name>
    <implementation class="com.threerings.projectx.item.config.ItemPropertyConfig$Base">
      <itemProps>
        <entry>
          <depotCost>1600</depotCost>
        </entry>
      </itemProps>
    </implementation>
  </entry>
  <entry>
    <name>Depot/Named Prize Box</name>
    <implementation class="com.threerings.projectx.item.config.ItemPropertyConfig$Base">
      <itemProps>
        <entry>
          <depotCost>1188</depotCost>
        </entry>
      </itemProps>
    </implementation>
  </entry>
  <entry>
    <name>Depot/Pack/Eyes 3</name>
    <implementation class="com.threerings.projectx.item.config.ItemPropertyConfig$Base">
      <itemProps>
        <entry>
          <depotCost>8995</depotCost>
        </entry>
      </itemProps>
    </implementation>
  </entry>
  <entry>
    <name>Depot/Pack/Eyes 4</name>
    <implementation class="com.threerings.projectx.item.config.ItemPropertyConfig$Base">
      <itemProps>
        <entry>
          <depotCost>11995</depotCost>
        </entry>
      </itemProps>
    </implementation>
  </entry>
  <entry>
    <name>Depot/Recover/Armor Ankle</name>
    <implementation class="com.threerings.projectx.item.config.ItemPropertyConfig$Base">
      <itemProps>
        <entry>
          <depotCost>8000</depotCost>
        </entry>
      </itemProps>
    </implementation>
  </entry>
  <entry>
    <name>Depot/Recover/Armor Back</name>
    <implementation class="com.threerings.projectx.item.config.ItemPropertyConfig$Base">
      <itemProps>
        <entry>
          <depotCost>8000</depotCost>
        </entry>
      </itemProps>
    </implementation>
  </entry>
  <entry>
    <name>Depot/Recover/Armor Front</name>
    <implementation class="com.threerings.projectx.item.config.ItemPropertyConfig$Base">
      <itemProps>
        <entry>
          <depotCost>5000</depotCost>
        </entry>
      </itemProps>
    </implementation>
  </entry>
  <entry>
    <name>Depot/Recover/Armor Rear</name>
    <implementation class="com.threerings.projectx.item.config.ItemPropertyConfig$Base">
      <itemProps>
        <entry>
          <depotCost>8000</depotCost>
        </entry>
      </itemProps>
    </implementation>
  </entry>
  <entry>
    <name>Depot/Recover/Aura</name>
    <implementation class="com.threerings.projectx.item.config.ItemPropertyConfig$Base">
      <itemProps>
        <entry>
          <depotCost>10000</depotCost>
        </entry>
      </itemProps>
    </implementation>
  </entry>
  <entry>
    <name>Depot/Recover/Helm Back</name>
    <implementation class="com.threerings.projectx.item.config.ItemPropertyConfig$Base">
      <itemProps>
        <entry>
          <depotCost>3500</depotCost>
        </entry>
      </itemProps>
    </implementation>
  </entry>
  <entry>
    <name>Depot/Recover/Helm Front</name>
    <implementation class="com.threerings.projectx.item.config.ItemPropertyConfig$Base">
      <itemProps>
        <entry>
          <depotCost>3500</depotCost>
        </entry>
      </itemProps>
    </implementation>
  </entry>
  <entry>
    <name>Depot/Recover/Helm Side</name>
    <implementation class="com.threerings.projectx.item.config.ItemPropertyConfig$Base">
      <itemProps>
        <entry>
          <depotCost>3500</depotCost>
        </entry>
      </itemProps>
    </implementation>
  </entry>
  <entry>
    <name>Depot/Recover/Helm Top</name>
    <implementation class="com.threerings.projectx.item.config.ItemPropertyConfig$Base">
      <itemProps>
        <entry>
          <depotCost>5000</depotCost>
        </entry>
      </itemProps>
    </implementation>
  </entry>
  <entry>
    <name>Depot/Rename Guild</name>
    <implementation class="com.threerings.projectx.item.config.ItemPropertyConfig$Base">
      <itemProps>
        <entry>
          <depotCost>7000</depotCost>
        </entry>
      </itemProps>
    </implementation>
  </entry>
  <entry>
    <name>Depot/Rename Knight</name>
    <implementation class="com.threerings.projectx.item.config.ItemPropertyConfig$Base">
      <itemProps>
        <entry>
          <depotCost>3500</depotCost>
        </entry>
      </itemProps>
    </implementation>
  </entry>
  <entry>
    <name>Depot/Reset Star</name>
    <implementation class="com.threerings.projectx.item.config.ItemPropertyConfig$Base">
      <itemProps>
        <entry>
          <depotCost>2000</depotCost>
        </entry>
        <entry>
          <depotCost>2000</depotCost>
        </entry>
        <entry>
          <depotCost>2000</depotCost>
        </entry>
        <entry>
          <depotCost>2000</depotCost>
        </entry>
        <entry>
          <depotCost>2000</depotCost>
        </entry>
        <entry>
          <depotCost>2000</depotCost>
        </entry>
      </itemProps>
    </implementation>
  </entry>
  <entry>
    <name>Depot/Shadow Key</name>
    <implementation class="com.threerings.projectx.item.config.ItemPropertyConfig$Base">
      <itemProps>
        <entry>
          <depotCost>1800</depotCost>
        </entry>
      </itemProps>
    </implementation>
  </entry>
  <entry>
    <name>Depot/Silver Key</name>
    <implementation class="com.threerings.projectx.item.config.ItemPropertyConfig$Base">
      <itemProps>
        <entry>
          <depotCost>750</depotCost>
        </entry>
      </itemProps>
    </implementation>
  </entry>
  <entry>
    <name>Depot/Spark of Life</name>
    <implementation class="com.threerings.projectx.item.config.ItemPropertyConfig$Base">
      <itemProps>
        <entry>
          <depotCost>200</depotCost>
        </entry>
      </itemProps>
    </implementation>
  </entry>
  <entry>
    <name>Depot/Sprite Egg</name>
    <implementation class="com.threerings.projectx.item.config.ItemPropertyConfig$Base">
      <itemProps>
        <entry>
          <depotCost>2100</depotCost>
        </entry>
      </itemProps>
    </implementation>
  </entry>
  <entry>
    <name>Depot/Trinket Slot</name>
    <implementation class="com.threerings.projectx.item.config.ItemPropertyConfig$Base">
      <itemProps>
        <entry>
          <depotCost>150</depotCost>
        </entry>
      </itemProps>
    </implementation>
  </entry>
  <entry>
    <name>Depot/Unbind</name>
    <implementation class="com.threerings.projectx.item.config.ItemPropertyConfig$Base">
      <itemProps>
        <entry>
        </entry>
        <entry>
          <depotCost>100</depotCost>
        </entry>
        <entry>
          <depotCost>200</depotCost>
        </entry>
        <entry>
          <depotCost>600</depotCost>
        </entry>
        <entry>
          <depotCost>1800</depotCost>
        </entry>
        <entry>
          <depotCost>4000</depotCost>
        </entry>
      </itemProps>
    </implementation>
  </entry>
  <entry>
    <name>Depot/Weapon Slot</name>
    <implementation class="com.threerings.projectx.item.config.ItemPropertyConfig$Base">
      <itemProps>
        <entry>
          <depotCost>250</depotCost>
        </entry>
      </itemProps>
    </implementation>
  </entry>
  <entry>
    <name>Depot/Wrap/Gift Wrap (Cheap)</name>
    <implementation class="com.threerings.projectx.item.config.ItemPropertyConfig$Base">
      <itemProps>
        <entry>
          <depotCost>225</depotCost>
        </entry>
      </itemProps>
    </implementation>
  </entry>
  <entry>
    <name>Depot/Wrap/Gift Wrap (Expensive)</name>
    <implementation class="com.threerings.projectx.item.config.ItemPropertyConfig$Base">
      <itemProps>
        <entry>
          <depotCost>500</depotCost>
        </entry>
      </itemProps>
    </implementation>
  </entry>
  <entry>
    <name>Depot/Wrap/Gift Wrap (Normal)</name>
    <implementation class="com.threerings.projectx.item.config.ItemPropertyConfig$Base">
      <itemProps>
        <entry>
          <depotCost>350</depotCost>
        </entry>
      </itemProps>
    </implementation>
  </entry>
  <entry>
    <name>Eye Type</name>
    <implementation class="com.threerings.projectx.item.config.ItemPropertyConfig$Base">
      <itemProps>
        <entry>
          <buyPrice>50000</buyPrice>
          <sellPrice>1</sellPrice>
        </entry>
      </itemProps>
    </implementation>
  </entry>
  <entry>
    <name>Food</name>
    <implementation class="com.threerings.projectx.item.config.ItemPropertyConfig$Base">
      <itemProps>
        <entry>
          <buyPrice>10</buyPrice>
          <sellPrice>1</sellPrice>
        </entry>
        <entry>
          <buyPrice>50</buyPrice>
          <sellPrice>1</sellPrice>
        </entry>
        <entry>
          <buyPrice>250</buyPrice>
          <sellPrice>5</sellPrice>
        </entry>
        <entry>
          <buyPrice>1250</buyPrice>
          <sellPrice>10</sellPrice>
        </entry>
        <entry>
          <buyPrice>6250</buyPrice>
          <sellPrice>25</sellPrice>
        </entry>
        <entry>
          <buyPrice>31250</buyPrice>
          <sellPrice>50</sellPrice>
        </entry>
      </itemProps>
    </implementation>
  </entry>
  <entry>
    <name>Furni/Furni Common</name>
    <implementation class="com.threerings.projectx.item.config.ItemPropertyConfig$Base">
      <itemProps>
        <entry>
          <buyPrice>4250</buyPrice>
          <sellPrice>425</sellPrice>
        </entry>
        <entry>
          <buyPrice>10980</buyPrice>
          <sellPrice>1098</sellPrice>
        </entry>
        <entry>
          <buyPrice>20515</buyPrice>
          <sellPrice>2051</sellPrice>
        </entry>
        <entry>
          <buyPrice>49830</buyPrice>
          <sellPrice>4983</sellPrice>
        </entry>
        <entry>
          <buyPrice>138215</buyPrice>
          <sellPrice>13821</sellPrice>
        </entry>
        <entry>
          <buyPrice>293730</buyPrice>
          <sellPrice>29373</sellPrice>
        </entry>
      </itemProps>
    </implementation>
  </entry>
  <entry>
    <name>Furni/Furni Common 3</name>
    <implementation class="com.threerings.projectx.item.config.ItemPropertyConfig$Base">
      <itemProps>
        <entry>
          <buyPrice>6587</buyPrice>
          <sellPrice>658</sellPrice>
        </entry>
        <entry>
          <buyPrice>17019</buyPrice>
          <sellPrice>1701</sellPrice>
        </entry>
        <entry>
          <buyPrice>31798</buyPrice>
          <sellPrice>3179</sellPrice>
        </entry>
        <entry>
          <buyPrice>77239</buyPrice>
          <sellPrice>7723</sellPrice>
        </entry>
        <entry>
          <buyPrice>214233</buyPrice>
          <sellPrice>21423</sellPrice>
        </entry>
        <entry>
          <buyPrice>455281</buyPrice>
          <sellPrice>45528</sellPrice>
        </entry>
      </itemProps>
    </implementation>
  </entry>
  <entry>
    <name>Furni/Furni Common Plus</name>
    <implementation class="com.threerings.projectx.item.config.ItemPropertyConfig$Base">
      <itemProps>
        <entry>
          <buyPrice>5312</buyPrice>
          <sellPrice>531</sellPrice>
        </entry>
        <entry>
          <buyPrice>13725</buyPrice>
          <sellPrice>1372</sellPrice>
        </entry>
        <entry>
          <buyPrice>25643</buyPrice>
          <sellPrice>2564</sellPrice>
        </entry>
        <entry>
          <buyPrice>62287</buyPrice>
          <sellPrice>6228</sellPrice>
        </entry>
        <entry>
          <buyPrice>172768</buyPrice>
          <sellPrice>17276</sellPrice>
        </entry>
        <entry>
          <buyPrice>367162</buyPrice>
          <sellPrice>36715</sellPrice>
        </entry>
      </itemProps>
    </implementation>
  </entry>
  <entry>
    <name>Furni/Furni Promo Item</name>
    <implementation class="com.threerings.projectx.item.config.ItemPropertyConfig$Base">
      <itemProps>
        <entry>
          <sellPrice>1</sellPrice>
        </entry>
      </itemProps>
    </implementation>
  </entry>
  <entry>
    <name>Furni/Furni Rare</name>
    <implementation class="com.threerings.projectx.item.config.ItemPropertyConfig$Base">
      <itemProps>
        <entry>
          <buyPrice>35640</buyPrice>
          <sellPrice>3564</sellPrice>
        </entry>
        <entry>
          <buyPrice>51975</buyPrice>
          <sellPrice>5197</sellPrice>
        </entry>
        <entry>
          <buyPrice>90585</buyPrice>
          <sellPrice>9058</sellPrice>
        </entry>
        <entry>
          <buyPrice>134540</buyPrice>
          <sellPrice>13454</sellPrice>
        </entry>
        <entry>
          <buyPrice>298190</buyPrice>
          <sellPrice>29819</sellPrice>
        </entry>
        <entry>
          <buyPrice>745170</buyPrice>
          <sellPrice>74517</sellPrice>
        </entry>
      </itemProps>
    </implementation>
  </entry>
  <entry>
    <name>Furni/Furni Uncommon</name>
    <implementation class="com.threerings.projectx.item.config.ItemPropertyConfig$Base">
      <itemProps>
        <entry>
          <buyPrice>9210</buyPrice>
          <sellPrice>921</sellPrice>
        </entry>
        <entry>
          <buyPrice>22870</buyPrice>
          <sellPrice>2287</sellPrice>
        </entry>
        <entry>
          <buyPrice>37125</buyPrice>
          <sellPrice>3712</sellPrice>
        </entry>
        <entry>
          <buyPrice>75440</buyPrice>
          <sellPrice>7544</sellPrice>
        </entry>
        <entry>
          <buyPrice>211170</buyPrice>
          <sellPrice>21117</sellPrice>
        </entry>
        <entry>
          <buyPrice>425600</buyPrice>
          <sellPrice>42560</sellPrice>
        </entry>
      </itemProps>
    </implementation>
  </entry>
  <entry>
    <name>Furni/Knight Statue Large</name>
    <implementation class="com.threerings.projectx.item.config.ItemPropertyConfig$Base">
      <itemProps>
        <entry>
          <depotCost>25000</depotCost>
        </entry>
      </itemProps>
    </implementation>
  </entry>
  <entry>
    <name>Furni/Knight Statue Large, Posed</name>
    <implementation class="com.threerings.projectx.item.config.ItemPropertyConfig$Base">
      <itemProps>
        <entry>
          <depotCost>35000</depotCost>
        </entry>
      </itemProps>
    </implementation>
  </entry>
  <entry>
    <name>Furni/Knight Statue Medium</name>
    <implementation class="com.threerings.projectx.item.config.ItemPropertyConfig$Base">
      <itemProps>
        <entry>
          <depotCost>20000</depotCost>
        </entry>
      </itemProps>
    </implementation>
  </entry>
  <entry>
    <name>Furni/Knight Statue Small</name>
    <implementation class="com.threerings.projectx.item.config.ItemPropertyConfig$Base">
      <itemProps>
        <entry>
          <depotCost>15000</depotCost>
        </entry>
      </itemProps>
    </implementation>
  </entry>
  <entry>
    <name>Furni/Knight Statue Small, Posed</name>
    <implementation class="com.threerings.projectx.item.config.ItemPropertyConfig$Base">
      <itemProps>
        <entry>
          <depotCost>20000</depotCost>
        </entry>
      </itemProps>
    </implementation>
  </entry>
  <entry>
    <name>Golden Slime Coin</name>
    <implementation class="com.threerings.projectx.item.config.ItemPropertyConfig$Base">
      <itemProps>
        <entry>
          <buyPrice>200</buyPrice>
          <sellPrice>100</sellPrice>
        </entry>
      </itemProps>
    </implementation>
  </entry>
  <entry>
    <name>Guild/Door/Door</name>
    <implementation class="com.threerings.projectx.item.config.ItemPropertyConfig$Base">
      <itemProps>
        <entry>
          <buyPrice>50000</buyPrice>
        </entry>
      </itemProps>
    </implementation>
  </entry>
  <entry>
    <name>Guild/Environment/Common</name>
    <implementation class="com.threerings.projectx.item.config.ItemPropertyConfig$Base">
      <itemProps>
        <entry>
          <buyPrice>45000</buyPrice>
        </entry>
      </itemProps>
    </implementation>
  </entry>
  <entry>
    <name>Guild/Environment/Uncommon</name>
    <implementation class="com.threerings.projectx.item.config.ItemPropertyConfig$Base">
      <itemProps>
        <entry>
          <buyPrice>90000</buyPrice>
        </entry>
      </itemProps>
    </implementation>
  </entry>
  <entry>
    <name>Guild/Expansion/Center2f</name>
    <implementation class="com.threerings.projectx.item.config.ItemPropertyConfig$Base">
      <itemProps>
        <entry>
          <buyPrice>27000</buyPrice>
          <sellPrice>500</sellPrice>
        </entry>
      </itemProps>
    </implementation>
  </entry>
  <entry>
    <name>Guild/Expansion/Center4f</name>
    <implementation class="com.threerings.projectx.item.config.ItemPropertyConfig$Base">
      <itemProps>
        <entry>
          <buyPrice>9000</buyPrice>
          <sellPrice>1000</sellPrice>
        </entry>
      </itemProps>
    </implementation>
  </entry>
  <entry>
    <name>Guild/Expansion/Wing1f</name>
    <implementation class="com.threerings.projectx.item.config.ItemPropertyConfig$Base">
      <itemProps>
        <entry>
          <buyPrice>7500</buyPrice>
        </entry>
      </itemProps>
    </implementation>
  </entry>
  <entry>
    <name>Guild/Expansion/Wing2f</name>
    <implementation class="com.threerings.projectx.item.config.ItemPropertyConfig$Base">
      <itemProps>
        <entry>
          <buyPrice>15000</buyPrice>
          <sellPrice>1250</sellPrice>
        </entry>
      </itemProps>
    </implementation>
  </entry>
  <entry>
    <name>Guild/Expansion/Wing3f</name>
    <implementation class="com.threerings.projectx.item.config.ItemPropertyConfig$Base">
      <itemProps>
        <entry>
          <buyPrice>27000</buyPrice>
          <sellPrice>2500</sellPrice>
        </entry>
      </itemProps>
    </implementation>
  </entry>
  <entry>
    <name>Guild/Expansion/Wing4f</name>
    <implementation class="com.threerings.projectx.item.config.ItemPropertyConfig$Base">
      <itemProps>
        <entry>
          <buyPrice>57900</buyPrice>
          <sellPrice>5500</sellPrice>
        </entry>
      </itemProps>
    </implementation>
  </entry>
  <entry>
    <name>Guild/Expansion/Wing5f</name>
    <implementation class="com.threerings.projectx.item.config.ItemPropertyConfig$Base">
      <itemProps>
        <entry>
          <buyPrice>90000</buyPrice>
          <sellPrice>10000</sellPrice>
        </entry>
      </itemProps>
    </implementation>
  </entry>
  <entry>
    <name>Guild/Room/Alchemy</name>
    <implementation class="com.threerings.projectx.item.config.ItemPropertyConfig$Base">
      <itemProps>
        <entry>
          <buyPrice>42500</buyPrice>
        </entry>
      </itemProps>
    </implementation>
  </entry>
  <entry>
    <name>Guild/Room/Auction</name>
    <implementation class="com.threerings.projectx.item.config.ItemPropertyConfig$Base">
      <itemProps>
        <entry>
          <buyPrice>98000</buyPrice>
        </entry>
      </itemProps>
    </implementation>
  </entry>
  <entry>
    <name>Guild/Room/Bechamel</name>
    <implementation class="com.threerings.projectx.item.config.ItemPropertyConfig$Base">
      <itemProps>
        <entry>
          <buyPrice>325000</buyPrice>
        </entry>
      </itemProps>
    </implementation>
  </entry>
  <entry>
    <name>Guild/Room/Coliseum</name>
    <implementation class="com.threerings.projectx.item.config.ItemPropertyConfig$Base">
      <itemProps>
        <entry>
          <buyPrice>295000</buyPrice>
        </entry>
      </itemProps>
    </implementation>
  </entry>
  <entry>
    <name>Guild/Room/Empty</name>
    <implementation class="com.threerings.projectx.item.config.ItemPropertyConfig$Base">
      <itemProps>
        <entry>
        </entry>
      </itemProps>
    </implementation>
  </entry>
  <entry>
    <name>Guild/Room/Empty Alternate</name>
    <implementation class="com.threerings.projectx.item.config.ItemPropertyConfig$Base">
      <itemProps>
        <entry>
          <buyPrice>14500</buyPrice>
        </entry>
      </itemProps>
    </implementation>
  </entry>
  <entry>
    <name>Guild/Room/GardenSnipes</name>
    <implementation class="com.threerings.projectx.item.config.ItemPropertyConfig$Base">
      <itemProps>
        <entry>
          <buyPrice>1500000</buyPrice>
        </entry>
      </itemProps>
    </implementation>
  </entry>
  <entry>
    <name>Guild/Room/HuntersLodge</name>
    <implementation class="com.threerings.projectx.item.config.ItemPropertyConfig$Base">
      <itemProps>
        <entry>
          <buyPrice>475000</buyPrice>
        </entry>
      </itemProps>
    </implementation>
  </entry>
  <entry>
    <name>Guild/Room/PunchNVise</name>
    <implementation class="com.threerings.projectx.item.config.ItemPropertyConfig$Base">
      <itemProps>
        <entry>
          <buyPrice>725000</buyPrice>
        </entry>
      </itemProps>
    </implementation>
  </entry>
  <entry>
    <name>Guild/Room/Training</name>
    <implementation class="com.threerings.projectx.item.config.ItemPropertyConfig$Base">
      <itemProps>
        <entry>
          <buyPrice>980000</buyPrice>
        </entry>
      </itemProps>
    </implementation>
  </entry>
  <entry>
    <name>Guild/Theme/Common</name>
    <implementation class="com.threerings.projectx.item.config.ItemPropertyConfig$Base">
      <itemProps>
        <entry>
          <buyPrice>95000</buyPrice>
        </entry>
      </itemProps>
    </implementation>
  </entry>
  <entry>
    <name>Guild/Theme/Rare</name>
    <implementation class="com.threerings.projectx.item.config.ItemPropertyConfig$Base">
      <itemProps>
        <entry>
          <buyPrice>595000</buyPrice>
        </entry>
      </itemProps>
    </implementation>
  </entry>
  <entry>
    <name>Guild/Theme/Uncommon</name>
    <implementation class="com.threerings.projectx.item.config.ItemPropertyConfig$Base">
      <itemProps>
        <entry>
          <buyPrice>195000</buyPrice>
        </entry>
      </itemProps>
    </implementation>
  </entry>
  <entry>
    <name>Guild/Upgrade/Members</name>
    <implementation class="com.threerings.projectx.item.config.ItemPropertyConfig$Base">
      <itemProps>
        <entry>
          <buyPrice>150000</buyPrice>
        </entry>
      </itemProps>
    </implementation>
  </entry>
  <entry>
    <name>Guild/Upgrade/Storage</name>
    <implementation class="com.threerings.projectx.item.config.ItemPropertyConfig$Base">
      <itemProps>
        <entry>
          <buyPrice>20000</buyPrice>
        </entry>
      </itemProps>
    </implementation>
  </entry>
  <entry>
    <name>Handgun</name>
    <implementation class="com.threerings.projectx.item.config.ItemPropertyConfig$Derived">
      <itemProperty>
        <name>Parts/Weapon</name>
      </itemProperty>
    </implementation>
  </entry>
  <entry>
    <name>Harness/Harness</name>
    <implementation class="com.threerings.projectx.item.config.ItemPropertyConfig$Base">
      <itemProps>
        <entry>
          <buyPrice>8000</buyPrice>
        </entry>
      </itemProps>
    </implementation>
  </entry>
  <entry>
    <name>Harness/Harness Adv</name>
    <implementation class="com.threerings.projectx.item.config.ItemPropertyConfig$Base">
      <itemProps>
        <entry>
          <buyPrice>32000</buyPrice>
        </entry>
      </itemProps>
    </implementation>
  </entry>
  <entry>
    <name>Harness/Harness Eli</name>
    <implementation class="com.threerings.projectx.item.config.ItemPropertyConfig$Base">
      <itemProps>
        <entry>
          <buyPrice>128000</buyPrice>
        </entry>
      </itemProps>
    </implementation>
  </entry>
  <entry>
    <name>Helm</name>
    <implementation class="com.threerings.projectx.item.config.ItemPropertyConfig$Level">
      <itemProps>
        <entry>
          <buyPrice>150</buyPrice>
          <sellPrice>1</sellPrice>
          <depotCost>25</depotCost>
          <baseHeat>10</baseHeat>
          <maxHeat>1000</maxHeat>
          <levelTable>
            <name>Gear/Helm 0</name>
          </levelTable>
          <forgeProperty>
            <name>Star 0</name>
          </forgeProperty>
        </entry>
        <entry>
          <buyPrice>3000</buyPrice>
          <sellPrice>300</sellPrice>
          <depotCost>65</depotCost>
          <baseHeat>75</baseHeat>
          <levelTable>
            <name>Gear/Helm 1</name>
          </levelTable>
          <forgeProperty>
            <name>Star 1</name>
          </forgeProperty>
        </entry>
        <entry>
          <buyPrice>7500</buyPrice>
          <sellPrice>750</sellPrice>
          <depotCost>150</depotCost>
          <baseHeat>100</baseHeat>
          <maxHeat>5000</maxHeat>
          <levelTable>
            <name>Gear/Helm 2</name>
          </levelTable>
          <forgeProperty>
            <name>Star 2</name>
          </forgeProperty>
        </entry>
        <entry>
          <buyPrice>35000</buyPrice>
          <sellPrice>3500</sellPrice>
          <depotCost>500</depotCost>
          <baseHeat>125</baseHeat>
          <maxHeat>10000</maxHeat>
          <levelTable>
            <name>Gear/Helm 3</name>
          </levelTable>
          <forgeProperty>
            <name>Star 3</name>
          </forgeProperty>
        </entry>
        <entry>
          <buyPrice>100000</buyPrice>
          <sellPrice>10000</sellPrice>
          <depotCost>1600</depotCost>
          <baseHeat>150</baseHeat>
          <maxHeat>20000</maxHeat>
          <levelTable>
            <name>Gear/Helm 4</name>
          </levelTable>
          <forgeProperty>
            <name>Star 4</name>
          </forgeProperty>
        </entry>
        <entry>
          <buyPrice>300000</buyPrice>
          <sellPrice>30000</sellPrice>
          <depotCost>3500</depotCost>
          <baseHeat>200</baseHeat>
          <maxHeat>30000</maxHeat>
          <levelTable>
            <name>Gear/Helm 5</name>
          </levelTable>
          <forgeProperty>
            <name>Star 5</name>
          </forgeProperty>
        </entry>
      </itemProps>
    </implementation>
  </entry>
  <entry>
    <name>Material</name>
    <implementation class="com.threerings.projectx.item.config.ItemPropertyConfig$Base">
      <itemProps>
        <entry>
          <buyPrice>10</buyPrice>
          <sellPrice>1</sellPrice>
        </entry>
        <entry>
          <buyPrice>50</buyPrice>
          <sellPrice>1</sellPrice>
        </entry>
        <entry>
          <buyPrice>250</buyPrice>
          <sellPrice>5</sellPrice>
        </entry>
        <entry>
          <buyPrice>1250</buyPrice>
          <sellPrice>10</sellPrice>
        </entry>
        <entry>
          <buyPrice>6250</buyPrice>
          <sellPrice>25</sellPrice>
        </entry>
        <entry>
          <buyPrice>31250</buyPrice>
          <sellPrice>50</sellPrice>
        </entry>
      </itemProps>
    </implementation>
  </entry>
  <entry>
    <name>Monster Pocket</name>
    <implementation class="com.threerings.projectx.item.config.ItemPropertyConfig$Base">
      <itemProps>
        <entry>
          <buyPrice>175000</buyPrice>
          <sellPrice>1</sellPrice>
        </entry>
      </itemProps>
    </implementation>
  </entry>
  <entry>
    <name>New Monster Pocket</name>
    <implementation class="com.threerings.projectx.item.config.ItemPropertyConfig$Base">
      <itemProps>
        <entry>
          <buyPrice>250000</buyPrice>
          <sellPrice>1</sellPrice>
        </entry>
      </itemProps>
    </implementation>
  </entry>
  <entry>
    <name>Parts/Weapon</name>
    <implementation class="com.threerings.projectx.item.config.ItemPropertyConfig$Level">
      <itemProps>
        <entry>
          <buyPrice>150</buyPrice>
          <sellPrice>1</sellPrice>
          <depotCost>25</depotCost>
          <baseHeat>10</baseHeat>
          <maxHeat>1000</maxHeat>
          <levelTable>
            <name>Weapon/Weapon 0</name>
          </levelTable>
          <forgeProperty>
            <name>Star 0</name>
          </forgeProperty>
        </entry>
        <entry>
          <buyPrice>3000</buyPrice>
          <sellPrice>300</sellPrice>
          <depotCost>65</depotCost>
          <baseHeat>75</baseHeat>
          <levelTable>
            <name>Weapon/Weapon 1</name>
          </levelTable>
          <forgeProperty>
            <name>Star 1</name>
          </forgeProperty>
        </entry>
        <entry>
          <buyPrice>7500</buyPrice>
          <sellPrice>750</sellPrice>
          <depotCost>150</depotCost>
          <baseHeat>100</baseHeat>
          <maxHeat>5000</maxHeat>
          <levelTable>
            <name>Weapon/Weapon 2</name>
          </levelTable>
          <forgeProperty>
            <name>Star 2</name>
          </forgeProperty>
        </entry>
        <entry>
          <buyPrice>35000</buyPrice>
          <sellPrice>3500</sellPrice>
          <depotCost>500</depotCost>
          <baseHeat>125</baseHeat>
          <maxHeat>10000</maxHeat>
          <levelTable>
            <name>Weapon/Weapon 3</name>
          </levelTable>
          <forgeProperty>
            <name>Star 3</name>
          </forgeProperty>
        </entry>
        <entry>
          <buyPrice>100000</buyPrice>
          <sellPrice>10000</sellPrice>
          <depotCost>1600</depotCost>
          <baseHeat>150</baseHeat>
          <maxHeat>20000</maxHeat>
          <levelTable>
            <name>Weapon/Weapon 4</name>
          </levelTable>
          <forgeProperty>
            <name>Star 4</name>
          </forgeProperty>
        </entry>
        <entry>
          <buyPrice>300000</buyPrice>
          <sellPrice>30000</sellPrice>
          <depotCost>3500</depotCost>
          <baseHeat>200</baseHeat>
          <maxHeat>30000</maxHeat>
          <levelTable>
            <name>Weapon/Weapon 5</name>
          </levelTable>
          <forgeProperty>
            <name>Star 5</name>
          </forgeProperty>
        </entry>
      </itemProps>
    </implementation>
  </entry>
  <entry>
    <name>Personal Color</name>
    <implementation class="com.threerings.projectx.item.config.ItemPropertyConfig$Base">
      <itemProps>
        <entry>
          <buyPrice>50000</buyPrice>
          <sellPrice>1</sellPrice>
        </entry>
      </itemProps>
    </implementation>
  </entry>
  <entry>
    <name>Pickup</name>
    <implementation class="com.threerings.projectx.item.config.ItemPropertyConfig$Base">
      <itemProps>
        <entry>
          <buyPrice>50</buyPrice>
          <sellPrice>1</sellPrice>
        </entry>
        <entry>
          <buyPrice>100</buyPrice>
          <sellPrice>1</sellPrice>
        </entry>
        <entry>
          <buyPrice>150</buyPrice>
          <sellPrice>5</sellPrice>
        </entry>
        <entry>
          <buyPrice>200</buyPrice>
          <sellPrice>10</sellPrice>
        </entry>
        <entry>
          <buyPrice>250</buyPrice>
          <sellPrice>25</sellPrice>
        </entry>
        <entry>
          <buyPrice>500</buyPrice>
          <sellPrice>50</sellPrice>
        </entry>
      </itemProps>
    </implementation>
  </entry>
  <entry>
    <name>Promo</name>
    <implementation class="com.threerings.projectx.item.config.ItemPropertyConfig$Level">
      <itemProps>
        <entry>
          <sellPrice>1</sellPrice>
          <baseHeat>10</baseHeat>
          <maxHeat>100000</maxHeat>
          <levelTable>
            <name>Gear/Helm 0</name>
          </levelTable>
          <forgeProperty>
            <name>Promo</name>
          </forgeProperty>
        </entry>
        <entry>
          <sellPrice>1</sellPrice>
          <baseHeat>10</baseHeat>
          <maxHeat>100000</maxHeat>
          <levelTable>
            <name>Gear/Helm 1</name>
          </levelTable>
          <forgeProperty>
            <name>Promo</name>
          </forgeProperty>
        </entry>
        <entry>
          <sellPrice>1</sellPrice>
          <baseHeat>10</baseHeat>
          <maxHeat>100000</maxHeat>
          <levelTable>
            <name>Gear/Helm 2</name>
          </levelTable>
          <forgeProperty>
            <name>Promo</name>
          </forgeProperty>
        </entry>
        <entry>
          <sellPrice>1</sellPrice>
          <baseHeat>10</baseHeat>
          <maxHeat>100000</maxHeat>
          <levelTable>
            <name>Gear/Helm 3</name>
          </levelTable>
          <forgeProperty>
            <name>Promo</name>
          </forgeProperty>
        </entry>
        <entry>
          <sellPrice>1</sellPrice>
          <baseHeat>10</baseHeat>
          <maxHeat>100000</maxHeat>
          <levelTable>
            <name>Gear/Helm 4</name>
          </levelTable>
          <forgeProperty>
            <name>Promo</name>
          </forgeProperty>
        </entry>
        <entry>
          <sellPrice>1</sellPrice>
          <baseHeat>10</baseHeat>
          <maxHeat>100000</maxHeat>
          <levelTable>
            <name>Gear/Helm 5</name>
          </levelTable>
          <forgeProperty>
            <name>Promo</name>
          </forgeProperty>
        </entry>
      </itemProps>
    </implementation>
  </entry>
  <entry>
    <name>Recipe/Armor</name>
    <implementation class="com.threerings.projectx.item.config.ItemPropertyConfig$Derived">
      <itemProperty>
        <name>Recipe/Base</name>
      </itemProperty>
    </implementation>
  </entry>
  <entry>
    <name>Recipe/Base</name>
    <implementation class="com.threerings.projectx.item.config.ItemPropertyConfig$Base">
      <itemProps>
        <entry>
          <buyPrice>10</buyPrice>
          <sellPrice>1</sellPrice>
        </entry>
        <entry>
          <buyPrice>250</buyPrice>
          <sellPrice>1</sellPrice>
        </entry>
        <entry>
          <buyPrice>1000</buyPrice>
          <sellPrice>5</sellPrice>
        </entry>
        <entry>
          <buyPrice>4000</buyPrice>
          <sellPrice>10</sellPrice>
        </entry>
        <entry>
          <buyPrice>10000</buyPrice>
          <sellPrice>25</sellPrice>
        </entry>
        <entry>
          <buyPrice>25000</buyPrice>
          <sellPrice>50</sellPrice>
        </entry>
      </itemProps>
    </implementation>
  </entry>
  <entry>
    <name>Recipe/Bomb</name>
    <implementation class="com.threerings.projectx.item.config.ItemPropertyConfig$Derived">
      <itemProperty>
        <name>Recipe/Base</name>
      </itemProperty>
    </implementation>
  </entry>
  <entry>
    <name>Recipe/Handgun</name>
    <implementation class="com.threerings.projectx.item.config.ItemPropertyConfig$Derived">
      <itemProperty>
        <name>Recipe/Base</name>
      </itemProperty>
    </implementation>
  </entry>
  <entry>
    <name>Recipe/Helm</name>
    <implementation class="com.threerings.projectx.item.config.ItemPropertyConfig$Derived">
      <itemProperty>
        <name>Recipe/Base</name>
      </itemProperty>
    </implementation>
  </entry>
  <entry>
    <name>Recipe/Material</name>
    <implementation class="com.threerings.projectx.item.config.ItemPropertyConfig$Derived">
      <itemProperty>
        <name>Recipe/Base</name>
      </itemProperty>
    </implementation>
  </entry>
  <entry>
    <name>Recipe/Rarity</name>
    <implementation class="com.threerings.projectx.item.config.ItemPropertyConfig$Derived">
      <itemProperty>
        <name>Recipe/Base</name>
      </itemProperty>
    </implementation>
  </entry>
  <entry>
    <name>Recipe/Shield</name>
    <implementation class="com.threerings.projectx.item.config.ItemPropertyConfig$Derived">
      <itemProperty>
        <name>Recipe/Base</name>
      </itemProperty>
    </implementation>
  </entry>
  <entry>
    <name>Recipe/Sword</name>
    <implementation class="com.threerings.projectx.item.config.ItemPropertyConfig$Derived">
      <itemProperty>
        <name>Recipe/Base</name>
      </itemProperty>
    </implementation>
  </entry>
  <entry>
    <name>Shield</name>
    <implementation class="com.threerings.projectx.item.config.ItemPropertyConfig$Level">
      <itemProps>
        <entry>
          <buyPrice>150</buyPrice>
          <sellPrice>1</sellPrice>
          <depotCost>25</depotCost>
          <baseHeat>10</baseHeat>
          <maxHeat>1000</maxHeat>
          <levelTable>
            <name>Gear/Gear 0</name>
          </levelTable>
          <forgeProperty>
            <name>Star 0</name>
          </forgeProperty>
        </entry>
        <entry>
          <buyPrice>3000</buyPrice>
          <sellPrice>300</sellPrice>
          <depotCost>65</depotCost>
          <baseHeat>75</baseHeat>
          <levelTable>
            <name>Gear/Gear 1</name>
          </levelTable>
          <forgeProperty>
            <name>Star 1</name>
          </forgeProperty>
        </entry>
        <entry>
          <buyPrice>7500</buyPrice>
          <sellPrice>750</sellPrice>
          <depotCost>150</depotCost>
          <baseHeat>100</baseHeat>
          <maxHeat>5000</maxHeat>
          <levelTable>
            <name>Gear/Gear 2</name>
          </levelTable>
          <forgeProperty>
            <name>Star 2</name>
          </forgeProperty>
        </entry>
        <entry>
          <buyPrice>35000</buyPrice>
          <sellPrice>3500</sellPrice>
          <depotCost>500</depotCost>
          <baseHeat>125</baseHeat>
          <maxHeat>10000</maxHeat>
          <levelTable>
            <name>Gear/Gear 3</name>
          </levelTable>
          <forgeProperty>
            <name>Star 3</name>
          </forgeProperty>
        </entry>
        <entry>
          <buyPrice>100000</buyPrice>
          <sellPrice>10000</sellPrice>
          <depotCost>1600</depotCost>
          <baseHeat>150</baseHeat>
          <maxHeat>20000</maxHeat>
          <levelTable>
            <name>Gear/Gear 4</name>
          </levelTable>
          <forgeProperty>
            <name>Star 4</name>
          </forgeProperty>
        </entry>
        <entry>
          <buyPrice>300000</buyPrice>
          <sellPrice>30000</sellPrice>
          <depotCost>3500</depotCost>
          <baseHeat>200</baseHeat>
          <maxHeat>30000</maxHeat>
          <levelTable>
            <name>Gear/Gear 5</name>
          </levelTable>
          <forgeProperty>
            <name>Star 5</name>
          </forgeProperty>
        </entry>
      </itemProps>
    </implementation>
  </entry>
  <entry>
    <name>Slime/Casino VIP</name>
    <implementation class="com.threerings.projectx.item.config.ItemPropertyConfig$Base">
      <itemProps>
        <entry>
          <buyPrice>10000</buyPrice>
        </entry>
      </itemProps>
    </implementation>
  </entry>
  <entry>
    <name>Slime/Casino VIP Comped</name>
    <implementation class="com.threerings.projectx.item.config.ItemPropertyConfig$Base">
      <itemProps>
        <entry>
        </entry>
      </itemProps>
    </implementation>
  </entry>
  <entry>
    <name>Slime/Luck Potion</name>
    <implementation class="com.threerings.projectx.item.config.ItemPropertyConfig$Base">
      <itemProps>
        <entry>
          <buyPrice>800</buyPrice>
          <sellPrice>80</sellPrice>
        </entry>
      </itemProps>
    </implementation>
  </entry>
  <entry>
    <name>Slime/Slime Gift Wrap</name>
    <implementation class="com.threerings.projectx.item.config.ItemPropertyConfig$Base">
      <itemProps>
        <entry>
          <buyPrice>250000</buyPrice>
          <depotCost>250</depotCost>
        </entry>
      </itemProps>
    </implementation>
  </entry>
  <entry>
    <name>Slime/Slime Key</name>
    <implementation class="com.threerings.projectx.item.config.ItemPropertyConfig$Base">
      <itemProps>
        <entry>
          <buyPrice>60000</buyPrice>
          <sellPrice>100</sellPrice>
          <depotCost>100</depotCost>
        </entry>
      </itemProps>
    </implementation>
  </entry>
  <entry>
    <name>Supply Pack</name>
    <implementation class="com.threerings.projectx.item.config.ItemPropertyConfig$Base">
      <itemProps>
        <entry>
          <buyPrice>250</buyPrice>
          <sellPrice>25</sellPrice>
        </entry>
        <entry>
          <buyPrice>1000</buyPrice>
          <sellPrice>100</sellPrice>
        </entry>
        <entry>
          <buyPrice>1500</buyPrice>
          <sellPrice>150</sellPrice>
        </entry>
        <entry>
          <buyPrice>2500</buyPrice>
          <sellPrice>250</sellPrice>
        </entry>
        <entry>
          <buyPrice>4000</buyPrice>
          <sellPrice>400</sellPrice>
        </entry>
        <entry>
          <buyPrice>6250</buyPrice>
          <sellPrice>625</sellPrice>
        </entry>
      </itemProps>
    </implementation>
  </entry>
  <entry>
    <name>Sword</name>
    <implementation class="com.threerings.projectx.item.config.ItemPropertyConfig$Derived">
      <itemProperty>
        <name>Parts/Weapon</name>
      </itemProperty>
    </implementation>
  </entry>
  <entry>
    <name>Trinket</name>
    <implementation class="com.threerings.projectx.item.config.ItemPropertyConfig$Level">
      <itemProps>
        <entry>
          <buyPrice>150</buyPrice>
          <sellPrice>1</sellPrice>
          <depotCost>25</depotCost>
        </entry>
        <entry>
          <buyPrice>3000</buyPrice>
          <sellPrice>100</sellPrice>
          <depotCost>65</depotCost>
        </entry>
        <entry>
          <buyPrice>7500</buyPrice>
          <sellPrice>250</sellPrice>
          <depotCost>150</depotCost>
        </entry>
        <entry>
          <buyPrice>35000</buyPrice>
          <sellPrice>1200</sellPrice>
          <depotCost>500</depotCost>
        </entry>
        <entry>
          <buyPrice>100000</buyPrice>
          <sellPrice>3500</sellPrice>
          <depotCost>1600</depotCost>
        </entry>
        <entry>
          <buyPrice>300000</buyPrice>
          <sellPrice>10000</sellPrice>
          <depotCost>3500</depotCost>
        </entry>
      </itemProps>
    </implementation>
  </entry>
  <entry>
    <name>Vitapod</name>
    <implementation class="com.threerings.projectx.item.config.ItemPropertyConfig$Level">
      <itemProps>
        <entry>
          <buyPrice>400</buyPrice>
          <sellPrice>1</sellPrice>
        </entry>
        <entry>
          <buyPrice>600</buyPrice>
          <sellPrice>60</sellPrice>
        </entry>
        <entry>
          <buyPrice>800</buyPrice>
          <sellPrice>80</sellPrice>
        </entry>
        <entry>
          <buyPrice>1200</buyPrice>
          <sellPrice>120</sellPrice>
        </entry>
        <entry>
          <buyPrice>1800</buyPrice>
          <sellPrice>180</sellPrice>
        </entry>
        <entry>
          <buyPrice>3000</buyPrice>
          <sellPrice>300</sellPrice>
        </entry>
      </itemProps>
    </implementation>
  </entry>
</object>
</java>
