<?xml version="1.0" encoding="UTF-8"?>
<java class="com.threerings.export.XMLImporter" version="1.0">
<object class="[Lcom.threerings.projectx.item.config.LevelTableConfig;">
  <entry>
    <name>Base/Attack/Attack Bonus (0, 1)</name>
    <implementation class="com.threerings.projectx.item.config.LevelTableConfig$Levels">
      <levels>
        <entry class="com.threerings.projectx.item.config.LevelConfig$Empty">
        </entry>
        <entry class="com.threerings.projectx.item.config.LevelConfig$RelativeDamageBonus">
          <damage>0.05</damage>
          <capped>false</capped>
        </entry>
        <entry class="com.threerings.projectx.item.config.LevelConfig$RelativeDamageBonus">
          <damage>0.1</damage>
          <capped>false</capped>
        </entry>
        <entry class="com.threerings.projectx.item.config.LevelConfig$RelativeDamageBonus">
          <damage>0.15</damage>
          <capped>false</capped>
        </entry>
        <entry class="com.threerings.projectx.item.config.LevelConfig$RelativeDamageBonus">
          <damage>0.25</damage>
          <capped>false</capped>
        </entry>
        <entry class="com.threerings.projectx.item.config.LevelConfig$RelativeDamageBonus">
          <damage>0.4</damage>
          <capped>false</capped>
        </entry>
        <entry class="com.threerings.projectx.item.config.LevelConfig$RelativeDamageBonus">
          <damage>0.55</damage>
          <capped>false</capped>
        </entry>
        <entry class="com.threerings.projectx.item.config.LevelConfig$RelativeDamageBonus">
          <damage>0.7</damage>
          <capped>false</capped>
        </entry>
        <entry class="com.threerings.projectx.item.config.LevelConfig$RelativeDamageBonus">
          <damage>0.85</damage>
          <capped>false</capped>
        </entry>
        <entry class="com.threerings.projectx.item.config.LevelConfig$RelativeDamageBonus">
          <damage>1.0</damage>
          <capped>false</capped>
        </entry>
      </levels>
    </implementation>
  </entry>
  <entry>
    <name>Base/Attack/Attack Bonus (2, 3)</name>
    <implementation class="com.threerings.projectx.item.config.LevelTableConfig$Levels">
      <levels>
        <entry class="com.threerings.projectx.item.config.LevelConfig$Empty">
        </entry>
        <entry class="com.threerings.projectx.item.config.LevelConfig$RelativeDamageBonus">
          <damage>0.03</damage>
          <startDepth>8</startDepth>
          <capped>false</capped>
        </entry>
        <entry class="com.threerings.projectx.item.config.LevelConfig$RelativeDamageBonus">
          <damage>0.06</damage>
          <startDepth>8</startDepth>
          <capped>false</capped>
        </entry>
        <entry class="com.threerings.projectx.item.config.LevelConfig$RelativeDamageBonus">
          <damage>0.1</damage>
          <startDepth>8</startDepth>
          <capped>false</capped>
        </entry>
        <entry class="com.threerings.projectx.item.config.LevelConfig$RelativeDamageBonus">
          <damage>0.17</damage>
          <startDepth>8</startDepth>
          <capped>false</capped>
        </entry>
        <entry class="com.threerings.projectx.item.config.LevelConfig$RelativeDamageBonus">
          <damage>0.28</damage>
          <startDepth>8</startDepth>
          <capped>false</capped>
        </entry>
        <entry class="com.threerings.projectx.item.config.LevelConfig$RelativeDamageBonus">
          <damage>0.39</damage>
          <startDepth>8</startDepth>
          <capped>false</capped>
        </entry>
        <entry class="com.threerings.projectx.item.config.LevelConfig$RelativeDamageBonus">
          <damage>0.51</damage>
          <startDepth>8</startDepth>
          <capped>false</capped>
        </entry>
        <entry class="com.threerings.projectx.item.config.LevelConfig$RelativeDamageBonus">
          <damage>0.63</damage>
          <startDepth>8</startDepth>
          <capped>false</capped>
        </entry>
        <entry class="com.threerings.projectx.item.config.LevelConfig$RelativeDamageBonus">
          <damage>0.75</damage>
          <startDepth>8</startDepth>
          <capped>false</capped>
        </entry>
      </levels>
    </implementation>
  </entry>
  <entry>
    <name>Base/Attack/Attack Bonus (4, 5)</name>
    <implementation class="com.threerings.projectx.item.config.LevelTableConfig$Levels">
      <levels>
        <entry class="com.threerings.projectx.item.config.LevelConfig$Empty">
        </entry>
        <entry class="com.threerings.projectx.item.config.LevelConfig$RelativeDamageBonus">
          <damage>0.02</damage>
          <startDepth>18</startDepth>
          <capped>false</capped>
        </entry>
        <entry class="com.threerings.projectx.item.config.LevelConfig$RelativeDamageBonus">
          <damage>0.05</damage>
          <startDepth>18</startDepth>
          <capped>false</capped>
        </entry>
        <entry class="com.threerings.projectx.item.config.LevelConfig$RelativeDamageBonus">
          <damage>0.08</damage>
          <startDepth>18</startDepth>
          <capped>false</capped>
        </entry>
        <entry class="com.threerings.projectx.item.config.LevelConfig$RelativeDamageBonus">
          <damage>0.13</damage>
          <startDepth>18</startDepth>
          <capped>false</capped>
        </entry>
        <entry class="com.threerings.projectx.item.config.LevelConfig$RelativeDamageBonus">
          <damage>0.2</damage>
          <startDepth>18</startDepth>
          <capped>false</capped>
        </entry>
        <entry class="com.threerings.projectx.item.config.LevelConfig$RelativeDamageBonus">
          <damage>0.27</damage>
          <startDepth>18</startDepth>
          <capped>false</capped>
        </entry>
        <entry class="com.threerings.projectx.item.config.LevelConfig$RelativeDamageBonus">
          <damage>0.34</damage>
          <startDepth>18</startDepth>
          <capped>false</capped>
        </entry>
        <entry class="com.threerings.projectx.item.config.LevelConfig$RelativeDamageBonus">
          <damage>0.42</damage>
          <startDepth>18</startDepth>
          <capped>false</capped>
        </entry>
        <entry class="com.threerings.projectx.item.config.LevelConfig$RelativeDamageBonus">
          <damage>0.5</damage>
          <startDepth>18</startDepth>
          <capped>false</capped>
        </entry>
      </levels>
    </implementation>
  </entry>
  <entry>
    <name>Base/Charge/Base</name>
    <parameters>
      <entry class="com.threerings.config.Parameter$Direct">
        <name>1-4 Charge Reduction</name>
        <paths>implementation.levels[0].bonus, implementation.levels[1].bonus, implementation.levels[2].bonus, implementation.levels[3].bonus</paths>
      </entry>
      <entry class="com.threerings.config.Parameter$Direct">
        <name>5-9 Charge Reduction</name>
        <paths>implementation.levels[4].bonus, implementation.levels[5].bonus, implementation.levels[6].bonus, implementation.levels[7].bonus, implementation.levels[8].bonus</paths>
      </entry>
      <entry class="com.threerings.config.Parameter$Direct">
        <name>10 Charge Reduction</name>
        <paths>implementation.levels[9].bonus</paths>
      </entry>
    </parameters>
    <implementation class="com.threerings.projectx.item.config.LevelTableConfig$Levels">
      <levels>
        <entry class="com.threerings.projectx.item.config.LevelConfig$ChargeTimeReduction">
        </entry>
        <entry class="com.threerings.projectx.item.config.LevelConfig$ChargeTimeReduction">
        </entry>
        <entry class="com.threerings.projectx.item.config.LevelConfig$ChargeTimeReduction">
        </entry>
        <entry class="com.threerings.projectx.item.config.LevelConfig$ChargeTimeReduction">
        </entry>
        <entry class="com.threerings.projectx.item.config.LevelConfig$ChargeTimeReduction">
        </entry>
        <entry class="com.threerings.projectx.item.config.LevelConfig$ChargeTimeReduction">
        </entry>
        <entry class="com.threerings.projectx.item.config.LevelConfig$ChargeTimeReduction">
        </entry>
        <entry class="com.threerings.projectx.item.config.LevelConfig$ChargeTimeReduction">
        </entry>
        <entry class="com.threerings.projectx.item.config.LevelConfig$ChargeTimeReduction">
        </entry>
        <entry class="com.threerings.projectx.item.config.LevelConfig$ChargeTimeReduction">
        </entry>
      </levels>
    </implementation>
  </entry>
  <entry>
    <name>Base/Charge/Charge Reduction</name>
    <implementation class="com.threerings.projectx.item.config.LevelTableConfig$Derived">
      <table>
        <name>Base/Charge/Base</name>
        <arguments>
          <key class="java.lang.String">1-4 Charge Reduction</key>
          <value class="com.threerings.projectx.item.data.ItemCodes$ItemBonus">CUSTOM</value>
          <key class="java.lang.String">10 Charge Reduction</key>
          <value class="com.threerings.projectx.item.data.ItemCodes$ItemBonus">MEDIUM</value>
          <key class="java.lang.String">5-9 Charge Reduction</key>
          <value class="com.threerings.projectx.item.data.ItemCodes$ItemBonus">LOW</value>
        </arguments>
      </table>
    </implementation>
  </entry>
  <entry>
    <name>Base/Defense/Defense Bonus</name>
    <implementation class="com.threerings.projectx.item.config.LevelTableConfig$Levels">
      <levels>
        <entry class="com.threerings.projectx.item.config.LevelConfig$Empty">
        </entry>
        <entry class="com.threerings.projectx.item.config.LevelConfig$DefenseIncrease">
          <defense>2.0</defense>
        </entry>
        <entry class="com.threerings.projectx.item.config.LevelConfig$DefenseIncrease">
          <defense>4.0</defense>
        </entry>
        <entry class="com.threerings.projectx.item.config.LevelConfig$DefenseIncrease">
          <defense>6.0</defense>
        </entry>
        <entry class="com.threerings.projectx.item.config.LevelConfig$DefenseIncrease">
          <defense>8.0</defense>
        </entry>
        <entry class="com.threerings.projectx.item.config.LevelConfig$DefenseIncrease">
          <defense>12.0</defense>
        </entry>
        <entry class="com.threerings.projectx.item.config.LevelConfig$DefenseIncrease">
          <defense>15.0</defense>
        </entry>
        <entry class="com.threerings.projectx.item.config.LevelConfig$DefenseIncrease">
          <defense>18.0</defense>
        </entry>
        <entry class="com.threerings.projectx.item.config.LevelConfig$DefenseIncrease">
          <defense>21.0</defense>
        </entry>
        <entry class="com.threerings.projectx.item.config.LevelConfig$DefenseIncrease">
          <defense>25.0</defense>
        </entry>
      </levels>
    </implementation>
  </entry>
  <entry>
    <name>Base/Defense/Defense Bonus (0, 1)</name>
    <implementation class="com.threerings.projectx.item.config.LevelTableConfig$Derived">
      <table>
        <name>Base/Defense/Defense Bonus</name>
      </table>
    </implementation>
  </entry>
  <entry>
    <name>Base/Defense/Defense Bonus (2, 3)</name>
    <implementation class="com.threerings.projectx.item.config.LevelTableConfig$Derived">
      <table>
        <name>Base/Defense/Defense Bonus</name>
      </table>
    </implementation>
  </entry>
  <entry>
    <name>Base/Defense/Defense Bonus (4, 5)</name>
    <implementation class="com.threerings.projectx.item.config.LevelTableConfig$Derived">
      <table>
        <name>Base/Defense/Defense Bonus</name>
      </table>
    </implementation>
  </entry>
  <entry>
    <name>Base/Health/Health Base</name>
    <parameters>
      <entry class="com.threerings.config.Parameter$Direct">
        <name>1-4 Health</name>
        <paths>implementation.levels[0].levels[0].health, implementation.levels[1].levels[0].health, implementation.levels[2].levels[0].health, implementation.levels[3].levels[0].health</paths>
      </entry>
      <entry class="com.threerings.config.Parameter$Direct">
        <name>5-10 Health</name>
        <paths>implementation.levels[4].levels[0].health, implementation.levels[5].levels[0].health, implementation.levels[6].levels[0].health, implementation.levels[7].levels[0].health, implementation.levels[8].levels[0].health, implementation.levels[9].levels[0].health</paths>
      </entry>
      <entry class="com.threerings.config.Parameter$Direct">
        <name>1-4 Health (Tier 2+)</name>
        <paths>implementation.levels[0].levels[1].health, implementation.levels[1].levels[1].health, implementation.levels[2].levels[1].health, implementation.levels[3].levels[1].health</paths>
      </entry>
      <entry class="com.threerings.config.Parameter$Direct">
        <name>5-10 Health (Tier 2+)</name>
        <paths>implementation.levels[4].levels[1].health, implementation.levels[5].levels[1].health, implementation.levels[6].levels[1].health, implementation.levels[7].levels[1].health, implementation.levels[8].levels[1].health, implementation.levels[9].levels[1].health</paths>
      </entry>
      <entry class="com.threerings.config.Parameter$Direct">
        <name>1-4 Health (Tier 3+)</name>
        <paths>implementation.levels[0].levels[2].health, implementation.levels[1].levels[2].health, implementation.levels[2].levels[2].health, implementation.levels[3].levels[2].health</paths>
      </entry>
      <entry class="com.threerings.config.Parameter$Direct">
        <name>5-10 Health (Tier 3+)</name>
        <paths>implementation.levels[4].levels[2].health, implementation.levels[5].levels[2].health, implementation.levels[6].levels[2].health, implementation.levels[7].levels[2].health, implementation.levels[8].levels[2].health, implementation.levels[9].levels[2].health</paths>
      </entry>
    </parameters>
    <implementation class="com.threerings.projectx.item.config.LevelTableConfig$Levels">
      <levels>
        <entry class="com.threerings.projectx.item.config.LevelConfig$Compound">
          <levels>
            <entry class="com.threerings.projectx.item.config.LevelConfig$HealthBonus">
            </entry>
            <entry class="com.threerings.projectx.item.config.LevelConfig$HealthBonus">
              <health>0</health>
              <minDepth>8</minDepth>
            </entry>
            <entry class="com.threerings.projectx.item.config.LevelConfig$HealthBonus">
              <health>0</health>
              <minDepth>18</minDepth>
            </entry>
          </levels>
        </entry>
        <entry class="com.threerings.projectx.item.config.LevelConfig$Compound">
          <levels>
            <entry class="com.threerings.projectx.item.config.LevelConfig$HealthBonus">
            </entry>
            <entry class="com.threerings.projectx.item.config.LevelConfig$HealthBonus">
              <health>0</health>
              <minDepth>8</minDepth>
            </entry>
            <entry class="com.threerings.projectx.item.config.LevelConfig$HealthBonus">
              <health>0</health>
              <minDepth>18</minDepth>
            </entry>
          </levels>
        </entry>
        <entry class="com.threerings.projectx.item.config.LevelConfig$Compound">
          <levels>
            <entry class="com.threerings.projectx.item.config.LevelConfig$HealthBonus">
            </entry>
            <entry class="com.threerings.projectx.item.config.LevelConfig$HealthBonus">
              <health>0</health>
              <minDepth>8</minDepth>
            </entry>
            <entry class="com.threerings.projectx.item.config.LevelConfig$HealthBonus">
              <health>0</health>
              <minDepth>18</minDepth>
            </entry>
          </levels>
        </entry>
        <entry class="com.threerings.projectx.item.config.LevelConfig$Compound">
          <levels>
            <entry class="com.threerings.projectx.item.config.LevelConfig$HealthBonus">
            </entry>
            <entry class="com.threerings.projectx.item.config.LevelConfig$HealthBonus">
              <health>0</health>
              <minDepth>8</minDepth>
            </entry>
            <entry class="com.threerings.projectx.item.config.LevelConfig$HealthBonus">
              <health>0</health>
              <minDepth>18</minDepth>
            </entry>
          </levels>
        </entry>
        <entry class="com.threerings.projectx.item.config.LevelConfig$Compound">
          <levels>
            <entry class="com.threerings.projectx.item.config.LevelConfig$HealthBonus">
            </entry>
            <entry class="com.threerings.projectx.item.config.LevelConfig$HealthBonus">
              <health>0</health>
              <minDepth>8</minDepth>
            </entry>
            <entry class="com.threerings.projectx.item.config.LevelConfig$HealthBonus">
              <health>0</health>
              <minDepth>18</minDepth>
            </entry>
          </levels>
        </entry>
        <entry class="com.threerings.projectx.item.config.LevelConfig$Compound">
          <levels>
            <entry class="com.threerings.projectx.item.config.LevelConfig$HealthBonus">
            </entry>
            <entry class="com.threerings.projectx.item.config.LevelConfig$HealthBonus">
              <health>0</health>
              <minDepth>8</minDepth>
            </entry>
            <entry class="com.threerings.projectx.item.config.LevelConfig$HealthBonus">
              <health>0</health>
              <minDepth>18</minDepth>
            </entry>
          </levels>
        </entry>
        <entry class="com.threerings.projectx.item.config.LevelConfig$Compound">
          <levels>
            <entry class="com.threerings.projectx.item.config.LevelConfig$HealthBonus">
            </entry>
            <entry class="com.threerings.projectx.item.config.LevelConfig$HealthBonus">
              <health>0</health>
              <minDepth>8</minDepth>
            </entry>
            <entry class="com.threerings.projectx.item.config.LevelConfig$HealthBonus">
              <health>0</health>
              <minDepth>18</minDepth>
            </entry>
          </levels>
        </entry>
        <entry class="com.threerings.projectx.item.config.LevelConfig$Compound">
          <levels>
            <entry class="com.threerings.projectx.item.config.LevelConfig$HealthBonus">
            </entry>
            <entry class="com.threerings.projectx.item.config.LevelConfig$HealthBonus">
              <health>0</health>
              <minDepth>8</minDepth>
            </entry>
            <entry class="com.threerings.projectx.item.config.LevelConfig$HealthBonus">
              <health>0</health>
              <minDepth>18</minDepth>
            </entry>
          </levels>
        </entry>
        <entry class="com.threerings.projectx.item.config.LevelConfig$Compound">
          <levels>
            <entry class="com.threerings.projectx.item.config.LevelConfig$HealthBonus">
            </entry>
            <entry class="com.threerings.projectx.item.config.LevelConfig$HealthBonus">
              <health>0</health>
              <minDepth>8</minDepth>
            </entry>
            <entry class="com.threerings.projectx.item.config.LevelConfig$HealthBonus">
              <health>0</health>
              <minDepth>18</minDepth>
            </entry>
          </levels>
        </entry>
        <entry class="com.threerings.projectx.item.config.LevelConfig$Compound">
          <levels>
            <entry class="com.threerings.projectx.item.config.LevelConfig$HealthBonus">
            </entry>
            <entry class="com.threerings.projectx.item.config.LevelConfig$HealthBonus">
              <health>0</health>
              <minDepth>8</minDepth>
            </entry>
            <entry class="com.threerings.projectx.item.config.LevelConfig$HealthBonus">
              <health>0</health>
              <minDepth>18</minDepth>
            </entry>
          </levels>
        </entry>
      </levels>
    </implementation>
  </entry>
  <entry>
    <name>Base/Health/Health Bonus 1</name>
    <implementation class="com.threerings.projectx.item.config.LevelTableConfig$Derived">
      <table>
        <name>Base/Health/Health Base</name>
        <arguments>
          <key class="java.lang.String">1-4 Health</key>
          <value class="java.lang.Integer">0</value>
          <key class="java.lang.String">1-4 Health (Tier 2+)</key>
          <value class="java.lang.Integer">0</value>
          <key class="java.lang.String">1-4 Health (Tier 3+)</key>
          <value class="java.lang.Integer">0</value>
          <key class="java.lang.String">5-10 Health</key>
          <value class="java.lang.Integer">40</value>
          <key class="java.lang.String">5-10 Health (Tier 2+)</key>
          <value class="java.lang.Integer">0</value>
          <key class="java.lang.String">5-10 Health (Tier 3+)</key>
          <value class="java.lang.Integer">0</value>
        </arguments>
      </table>
    </implementation>
  </entry>
  <entry>
    <name>Base/Health/Health Bonus 2</name>
    <implementation class="com.threerings.projectx.item.config.LevelTableConfig$Derived">
      <table>
        <name>Base/Health/Health Base</name>
        <arguments>
          <key class="java.lang.String">1-4 Health</key>
          <value class="java.lang.Integer">0</value>
          <key class="java.lang.String">1-4 Health (Tier 2+)</key>
          <value class="java.lang.Integer">40</value>
          <key class="java.lang.String">1-4 Health (Tier 3+)</key>
          <value class="java.lang.Integer">0</value>
          <key class="java.lang.String">5-10 Health</key>
          <value class="java.lang.Integer">40</value>
          <key class="java.lang.String">5-10 Health (Tier 2+)</key>
          <value class="java.lang.Integer">40</value>
          <key class="java.lang.String">5-10 Health (Tier 3+)</key>
          <value class="java.lang.Integer">0</value>
        </arguments>
      </table>
    </implementation>
  </entry>
  <entry>
    <name>Base/Health/Health Bonus 3</name>
    <implementation class="com.threerings.projectx.item.config.LevelTableConfig$Derived">
      <table>
        <name>Base/Health/Health Base</name>
        <arguments>
          <key class="java.lang.String">1-4 Health</key>
          <value class="java.lang.Integer">40</value>
          <key class="java.lang.String">1-4 Health (Tier 2+)</key>
          <value class="java.lang.Integer">40</value>
          <key class="java.lang.String">1-4 Health (Tier 3+)</key>
          <value class="java.lang.Integer">0</value>
          <key class="java.lang.String">5-10 Health</key>
          <value class="java.lang.Integer">40</value>
          <key class="java.lang.String">5-10 Health (Tier 2+)</key>
          <value class="java.lang.Integer">80</value>
          <key class="java.lang.String">5-10 Health (Tier 3+)</key>
          <value class="java.lang.Integer">0</value>
        </arguments>
      </table>
    </implementation>
  </entry>
  <entry>
    <name>Base/Health/Health Bonus 4</name>
    <implementation class="com.threerings.projectx.item.config.LevelTableConfig$Derived">
      <table>
        <name>Base/Health/Health Base</name>
        <arguments>
          <key class="java.lang.String">1-4 Health</key>
          <value class="java.lang.Integer">40</value>
          <key class="java.lang.String">1-4 Health (Tier 2+)</key>
          <value class="java.lang.Integer">40</value>
          <key class="java.lang.String">1-4 Health (Tier 3+)</key>
          <value class="java.lang.Integer">40</value>
          <key class="java.lang.String">5-10 Health</key>
          <value class="java.lang.Integer">40</value>
          <key class="java.lang.String">5-10 Health (Tier 2+)</key>
          <value class="java.lang.Integer">80</value>
          <key class="java.lang.String">5-10 Health (Tier 3+)</key>
          <value class="java.lang.Integer">40</value>
        </arguments>
      </table>
    </implementation>
  </entry>
  <entry>
    <name>Base/Health/Health Bonus 5</name>
    <implementation class="com.threerings.projectx.item.config.LevelTableConfig$Derived">
      <table>
        <name>Base/Health/Health Base</name>
        <arguments>
          <key class="java.lang.String">1-4 Health</key>
          <value class="java.lang.Integer">40</value>
          <key class="java.lang.String">1-4 Health (Tier 2+)</key>
          <value class="java.lang.Integer">80</value>
          <key class="java.lang.String">1-4 Health (Tier 3+)</key>
          <value class="java.lang.Integer">40</value>
          <key class="java.lang.String">5-10 Health</key>
          <value class="java.lang.Integer">40</value>
          <key class="java.lang.String">5-10 Health (Tier 2+)</key>
          <value class="java.lang.Integer">80</value>
          <key class="java.lang.String">5-10 Health (Tier 3+)</key>
          <value class="java.lang.Integer">80</value>
        </arguments>
      </table>
    </implementation>
  </entry>
  <entry>
    <name>Gear/Gear (+Health) 0</name>
    <implementation class="com.threerings.projectx.item.config.LevelTableConfig$Derived">
      <table>
        <name>Base/Defense/Defense Bonus (0, 1)</name>
      </table>
    </implementation>
  </entry>
  <entry>
    <name>Gear/Gear (+Health) 1</name>
    <implementation class="com.threerings.projectx.item.config.LevelTableConfig$Compound">
      <tables>
        <entry>
          <table>
            <name>Base/Defense/Defense Bonus (0, 1)</name>
          </table>
        </entry>
        <entry>
          <table>
            <name>Base/Health/Health Bonus 1</name>
          </table>
        </entry>
      </tables>
    </implementation>
  </entry>
  <entry>
    <name>Gear/Gear (+Health) 2</name>
    <implementation class="com.threerings.projectx.item.config.LevelTableConfig$Compound">
      <tables>
        <entry>
          <table>
            <name>Base/Defense/Defense Bonus (2, 3)</name>
          </table>
        </entry>
        <entry>
          <table>
            <name>Base/Health/Health Bonus 2</name>
          </table>
        </entry>
      </tables>
    </implementation>
  </entry>
  <entry>
    <name>Gear/Gear (+Health) 3</name>
    <implementation class="com.threerings.projectx.item.config.LevelTableConfig$Compound">
      <tables>
        <entry>
          <table>
            <name>Base/Defense/Defense Bonus (2, 3)</name>
          </table>
        </entry>
        <entry>
          <table>
            <name>Base/Health/Health Bonus 3</name>
          </table>
        </entry>
      </tables>
    </implementation>
  </entry>
  <entry>
    <name>Gear/Gear (+Health) 4</name>
    <implementation class="com.threerings.projectx.item.config.LevelTableConfig$Compound">
      <tables>
        <entry>
          <table>
            <name>Base/Defense/Defense Bonus (4, 5)</name>
          </table>
        </entry>
        <entry>
          <table>
            <name>Base/Health/Health Bonus 4</name>
          </table>
        </entry>
      </tables>
    </implementation>
  </entry>
  <entry>
    <name>Gear/Gear (+Health) 5</name>
    <implementation class="com.threerings.projectx.item.config.LevelTableConfig$Compound">
      <tables>
        <entry>
          <table>
            <name>Base/Defense/Defense Bonus (4, 5)</name>
          </table>
        </entry>
        <entry>
          <table>
            <name>Base/Health/Health Bonus 5</name>
          </table>
        </entry>
      </tables>
    </implementation>
  </entry>
  <entry>
    <name>Gear/Gear 0</name>
    <implementation class="com.threerings.projectx.item.config.LevelTableConfig$Derived">
      <table>
        <name>Base/Defense/Defense Bonus (0, 1)</name>
      </table>
    </implementation>
  </entry>
  <entry>
    <name>Gear/Gear 1</name>
    <implementation class="com.threerings.projectx.item.config.LevelTableConfig$Derived">
      <table>
        <name>Base/Defense/Defense Bonus (0, 1)</name>
      </table>
    </implementation>
  </entry>
  <entry>
    <name>Gear/Gear 2</name>
    <implementation class="com.threerings.projectx.item.config.LevelTableConfig$Derived">
      <table>
        <name>Base/Defense/Defense Bonus (0, 1)</name>
      </table>
    </implementation>
  </entry>
  <entry>
    <name>Gear/Gear 3</name>
    <implementation class="com.threerings.projectx.item.config.LevelTableConfig$Derived">
      <table>
        <name>Base/Defense/Defense Bonus (0, 1)</name>
      </table>
    </implementation>
  </entry>
  <entry>
    <name>Gear/Gear 4</name>
    <implementation class="com.threerings.projectx.item.config.LevelTableConfig$Derived">
      <table>
        <name>Base/Defense/Defense Bonus (0, 1)</name>
      </table>
    </implementation>
  </entry>
  <entry>
    <name>Gear/Gear 5</name>
    <implementation class="com.threerings.projectx.item.config.LevelTableConfig$Derived">
      <table>
        <name>Base/Defense/Defense Bonus (0, 1)</name>
      </table>
    </implementation>
  </entry>
  <entry>
    <name>Gear/Helm 0</name>
    <implementation class="com.threerings.projectx.item.config.LevelTableConfig$Derived">
      <table>
        <name>Gear/Gear (+Health) 0</name>
      </table>
    </implementation>
  </entry>
  <entry>
    <name>Gear/Helm 1</name>
    <implementation class="com.threerings.projectx.item.config.LevelTableConfig$Derived">
      <table>
        <name>Gear/Gear (+Health) 1</name>
      </table>
    </implementation>
  </entry>
  <entry>
    <name>Gear/Helm 2</name>
    <implementation class="com.threerings.projectx.item.config.LevelTableConfig$Derived">
      <table>
        <name>Gear/Gear (+Health) 2</name>
      </table>
    </implementation>
  </entry>
  <entry>
    <name>Gear/Helm 3</name>
    <implementation class="com.threerings.projectx.item.config.LevelTableConfig$Derived">
      <table>
        <name>Gear/Gear (+Health) 3</name>
      </table>
    </implementation>
  </entry>
  <entry>
    <name>Gear/Helm 4</name>
    <implementation class="com.threerings.projectx.item.config.LevelTableConfig$Derived">
      <table>
        <name>Gear/Gear (+Health) 4</name>
      </table>
    </implementation>
  </entry>
  <entry>
    <name>Gear/Helm 5</name>
    <implementation class="com.threerings.projectx.item.config.LevelTableConfig$Derived">
      <table>
        <name>Gear/Gear (+Health) 5</name>
      </table>
    </implementation>
  </entry>
  <entry>
    <name>Weapon/Weapon 0</name>
    <implementation class="com.threerings.projectx.item.config.LevelTableConfig$Compound">
      <tables>
        <entry>
          <table>
            <name>Base/Attack/Attack Bonus (0, 1)</name>
          </table>
        </entry>
        <entry>
          <table>
            <name>Base/Charge/Charge Reduction</name>
          </table>
        </entry>
      </tables>
    </implementation>
  </entry>
  <entry>
    <name>Weapon/Weapon 1</name>
    <implementation class="com.threerings.projectx.item.config.LevelTableConfig$Compound">
      <tables>
        <entry>
          <table>
            <name>Base/Attack/Attack Bonus (0, 1)</name>
          </table>
        </entry>
        <entry>
          <table>
            <name>Base/Charge/Charge Reduction</name>
          </table>
        </entry>
      </tables>
    </implementation>
  </entry>
  <entry>
    <name>Weapon/Weapon 2</name>
    <implementation class="com.threerings.projectx.item.config.LevelTableConfig$Compound">
      <tables>
        <entry>
          <table>
            <name>Base/Attack/Attack Bonus (2, 3)</name>
          </table>
        </entry>
        <entry>
          <table>
            <name>Base/Charge/Charge Reduction</name>
          </table>
        </entry>
      </tables>
    </implementation>
  </entry>
  <entry>
    <name>Weapon/Weapon 3</name>
    <implementation class="com.threerings.projectx.item.config.LevelTableConfig$Compound">
      <tables>
        <entry>
          <table>
            <name>Base/Attack/Attack Bonus (2, 3)</name>
          </table>
        </entry>
        <entry>
          <table>
            <name>Base/Charge/Charge Reduction</name>
          </table>
        </entry>
      </tables>
    </implementation>
  </entry>
  <entry>
    <name>Weapon/Weapon 4</name>
    <implementation class="com.threerings.projectx.item.config.LevelTableConfig$Compound">
      <tables>
        <entry>
          <table>
            <name>Base/Attack/Attack Bonus (4, 5)</name>
          </table>
        </entry>
        <entry>
          <table>
            <name>Base/Charge/Charge Reduction</name>
          </table>
        </entry>
      </tables>
    </implementation>
  </entry>
  <entry>
    <name>Weapon/Weapon 5</name>
    <implementation class="com.threerings.projectx.item.config.LevelTableConfig$Compound">
      <tables>
        <entry>
          <table>
            <name>Base/Attack/Attack Bonus (4, 5)</name>
          </table>
        </entry>
        <entry>
          <table>
            <name>Base/Charge/Charge Reduction</name>
          </table>
        </entry>
      </tables>
    </implementation>
  </entry>
</object>
</java>
