<?xml version="1.0" encoding="UTF-8"?>
<java class="com.threerings.export.XMLImporter" version="1.0">
<object class="[Lcom.threerings.projectx.mission.config.MissionPropertyConfig;">
  <entry>
    <name>Dev/Example</name>
    <prestigeLow>20</prestigeLow>
    <prestigeAvg>40</prestigeAvg>
    <prestigeHigh>90</prestigeHigh>
    <prestigeMax>150</prestigeMax>
  </entry>
  <entry>
    <name>Dev/Rank 1-1</name>
    <crownCost>50</crownCost>
    <prestigeLow>5</prestigeLow>
    <prestigeAvg>10</prestigeAvg>
    <prestigeHigh>15</prestigeHigh>
    <prestigeMax>20</prestigeMax>
  </entry>
  <entry>
    <name>Dev/Rank 1-2</name>
    <crownCost>50</crownCost>
    <prestigeLow>10</prestigeLow>
    <prestigeAvg>20</prestigeAvg>
    <prestigeHigh>30</prestigeHigh>
    <prestigeMax>40</prestigeMax>
  </entry>
  <entry>
    <name>Expansion/Expansion Tier 1</name>
    <prestigeLow>15</prestigeLow>
    <prestigeAvg>30</prestigeAvg>
    <prestigeHigh>45</prestigeHigh>
    <prestigeMax>60</prestigeMax>
  </entry>
  <entry>
    <name>Expansion/Expansion Tier 2</name>
    <prestigeLow>30</prestigeLow>
    <prestigeAvg>60</prestigeAvg>
    <prestigeHigh>90</prestigeHigh>
    <prestigeMax>120</prestigeMax>
  </entry>
  <entry>
    <name>Expansion/Expansion Tier 3</name>
    <prestigeLow>45</prestigeLow>
    <prestigeAvg>90</prestigeAvg>
    <prestigeHigh>135</prestigeHigh>
    <prestigeMax>180</prestigeMax>
  </entry>
  <entry>
    <name>Hidden/Hidden</name>
  </entry>
  <entry>
    <name>Prestige/Rank 3, Exchange</name>
    <prestigeLow>20</prestigeLow>
    <prestigeAvg>40</prestigeAvg>
    <prestigeHigh>60</prestigeHigh>
    <prestigeMax>100</prestigeMax>
  </entry>
  <entry>
    <name>Prestige/Rank 3, Gate</name>
    <prestigeLow>15</prestigeLow>
    <prestigeAvg>30</prestigeAvg>
    <prestigeHigh>45</prestigeHigh>
    <prestigeMax>60</prestigeMax>
  </entry>
  <entry>
    <name>Prestige/Rank 4, 5, Exchange</name>
    <prestigeLow>35</prestigeLow>
    <prestigeAvg>70</prestigeAvg>
    <prestigeHigh>105</prestigeHigh>
    <prestigeMax>175</prestigeMax>
  </entry>
  <entry>
    <name>Prestige/Rank 4, 5, Gate</name>
    <prestigeLow>25</prestigeLow>
    <prestigeAvg>50</prestigeAvg>
    <prestigeHigh>75</prestigeHigh>
    <prestigeMax>100</prestigeMax>
  </entry>
  <entry>
    <name>Prestige/Rank 6, Exchange</name>
    <prestigeLow>40</prestigeLow>
    <prestigeAvg>80</prestigeAvg>
    <prestigeHigh>120</prestigeHigh>
    <prestigeMax>200</prestigeMax>
  </entry>
  <entry>
    <name>Prestige/Rank 6, Gate</name>
    <prestigeLow>30</prestigeLow>
    <prestigeAvg>60</prestigeAvg>
    <prestigeHigh>90</prestigeHigh>
    <prestigeMax>120</prestigeMax>
  </entry>
  <entry>
    <name>Prestige/Rank 7, 8, Exchange</name>
    <prestigeLow>50</prestigeLow>
    <prestigeAvg>100</prestigeAvg>
    <prestigeHigh>150</prestigeHigh>
    <prestigeMax>250</prestigeMax>
  </entry>
  <entry>
    <name>Prestige/Rank 7, 8, Gate</name>
    <prestigeLow>40</prestigeLow>
    <prestigeAvg>80</prestigeAvg>
    <prestigeHigh>120</prestigeHigh>
    <prestigeMax>160</prestigeMax>
  </entry>
  <entry>
    <name>Prestige/Rank 9, Exchange</name>
    <prestigeLow>60</prestigeLow>
    <prestigeAvg>120</prestigeAvg>
    <prestigeHigh>180</prestigeHigh>
    <prestigeMax>300</prestigeMax>
  </entry>
  <entry>
    <name>Prestige/Rank 9, Gate</name>
    <prestigeLow>45</prestigeLow>
    <prestigeAvg>90</prestigeAvg>
    <prestigeHigh>135</prestigeHigh>
    <prestigeMax>180</prestigeMax>
  </entry>
  <entry>
    <name>Rank/Rank 1</name>
    <prestigeLow>5</prestigeLow>
    <prestigeAvg>10</prestigeAvg>
    <prestigeHigh>15</prestigeHigh>
    <prestigeMax>20</prestigeMax>
  </entry>
  <entry>
    <name>Rank/Rank 10</name>
    <prestigeLow>50</prestigeLow>
    <prestigeAvg>100</prestigeAvg>
    <prestigeHigh>150</prestigeHigh>
    <prestigeMax>200</prestigeMax>
  </entry>
  <entry>
    <name>Rank/Rank 2</name>
    <prestigeLow>10</prestigeLow>
    <prestigeAvg>20</prestigeAvg>
    <prestigeHigh>30</prestigeHigh>
    <prestigeMax>40</prestigeMax>
  </entry>
  <entry>
    <name>Rank/Rank 3</name>
    <prestigeLow>15</prestigeLow>
    <prestigeAvg>30</prestigeAvg>
    <prestigeHigh>45</prestigeHigh>
    <prestigeMax>60</prestigeMax>
  </entry>
  <entry>
    <name>Rank/Rank 4</name>
    <prestigeLow>20</prestigeLow>
    <prestigeAvg>40</prestigeAvg>
    <prestigeHigh>60</prestigeHigh>
    <prestigeMax>80</prestigeMax>
  </entry>
  <entry>
    <name>Rank/Rank 5</name>
    <prestigeLow>25</prestigeLow>
    <prestigeAvg>50</prestigeAvg>
    <prestigeHigh>75</prestigeHigh>
    <prestigeMax>100</prestigeMax>
  </entry>
  <entry>
    <name>Rank/Rank 6</name>
    <prestigeLow>30</prestigeLow>
    <prestigeAvg>60</prestigeAvg>
    <prestigeHigh>90</prestigeHigh>
    <prestigeMax>120</prestigeMax>
  </entry>
  <entry>
    <name>Rank/Rank 7</name>
    <prestigeLow>35</prestigeLow>
    <prestigeAvg>70</prestigeAvg>
    <prestigeHigh>105</prestigeHigh>
    <prestigeMax>140</prestigeMax>
  </entry>
  <entry>
    <name>Rank/Rank 8</name>
    <prestigeLow>40</prestigeLow>
    <prestigeAvg>80</prestigeAvg>
    <prestigeHigh>120</prestigeHigh>
    <prestigeMax>160</prestigeMax>
  </entry>
  <entry>
    <name>Rank/Rank 9</name>
    <prestigeLow>45</prestigeLow>
    <prestigeAvg>90</prestigeAvg>
    <prestigeHigh>135</prestigeHigh>
    <prestigeMax>180</prestigeMax>
  </entry>
</object>
</java>
