<?xml version="1.0" encoding="UTF-8"?>
<java class="com.threerings.export.XMLImporter" version="1.0">
<object class="[Lcom.threerings.tudey.config.ParameterizedHandlerConfig;">
  <entry>
    <name>Bridge</name>
    <parameters>
      <entry class="com.threerings.config.Parameter$Direct">
        <name>Handlers</name>
        <paths>implementation.handlers</paths>
      </entry>
    </parameters>
  </entry>
  <entry>
    <name>Dynamic Object/Furni/Cooldown Interact/Tome Interact</name>
    <parameters>
      <entry class="com.threerings.config.Parameter$Direct">
        <name>Effect</name>
        <paths>implementation.handlers[0].action.action.actions[1].effect</paths>
      </entry>
      <entry class="com.threerings.config.Parameter$Direct">
        <name>Cooldown</name>
        <paths>implementation.handlers[0].action.action.actions[2].delay</paths>
      </entry>
    </parameters>
    <implementation class="com.threerings.tudey.config.ParameterizedHandlerConfig$Original">
      <handlers>
        <entry class="com.threerings.projectx.config.ProjectXHandlerConfig$Interaction">
          <action class="com.threerings.tudey.config.ActionConfig$Conditional">
            <action class="com.threerings.tudey.config.ActionConfig$Compound">
              <actions>
                <entry class="com.threerings.tudey.config.ActionConfig$FireEffect">
                </entry>
                <entry class="com.threerings.tudey.config.ActionConfig$Delayed">
                </entry>
              </actions>
            </action>
          </action>
        </entry>
      </handlers>
    </implementation>
  </entry>
  <entry>
    <name>Dynamic Object/Furni/On-Use Transients/Laying</name>
    <implementation class="com.threerings.tudey.config.ParameterizedHandlerConfig$Derived">
      <ref>
        <name>Dynamic Object/Furni/On-Use Transients/Parts/Interact</name>
        <arguments>
          <key class="java.lang.String">Interact</key>
          <value class="com.threerings.config.ConfigReference">
            <name>Laying</name>
          </value>
        </arguments>
      </ref>
    </implementation>
  </entry>
  <entry>
    <name>Dynamic Object/Furni/On-Use Transients/Parts/Interact</name>
    <parameters>
      <entry class="com.threerings.config.Parameter$Direct">
        <name>Interact Shape</name>
        <paths>implementation.handlers[0].shape</paths>
      </entry>
      <entry class="com.threerings.config.Parameter$Direct">
        <name>Interact Type</name>
        <paths>implementation.handlers[0].action_desc</paths>
      </entry>
      <entry class="com.threerings.config.Parameter$Direct">
        <name>Interact</name>
        <paths>implementation.handlers[0].action.interact</paths>
      </entry>
    </parameters>
    <implementation class="com.threerings.tudey.config.ParameterizedHandlerConfig$Original">
      <handlers>
        <entry class="com.threerings.projectx.config.ProjectXHandlerConfig$Interaction">
          <action class="com.threerings.projectx.config.ProjectXActionConfig$KnightInteract">
          </action>
        </entry>
      </handlers>
    </implementation>
  </entry>
  <entry>
    <name>Dynamic Object/Furni/On-Use Transients/Parts/Interaction with Cooldown</name>
    <parameters>
      <entry class="com.threerings.config.Parameter$Direct">
        <name>Interact Shape</name>
        <paths>implementation.handlers[0].shape</paths>
      </entry>
      <entry class="com.threerings.config.Parameter$Direct">
        <name>Interact Type</name>
        <paths>implementation.handlers[0].action_desc</paths>
      </entry>
      <entry class="com.threerings.config.Parameter$Direct">
        <name>Action</name>
        <paths>implementation.handlers[0].action.action</paths>
      </entry>
      <entry class="com.threerings.config.Parameter$Direct">
        <name>Cooldown</name>
        <paths>implementation.handlers[0].action.condition.condition.time</paths>
      </entry>
    </parameters>
    <implementation class="com.threerings.tudey.config.ParameterizedHandlerConfig$Original">
      <handlers>
        <entry class="com.threerings.projectx.config.ProjectXHandlerConfig$Interaction">
          <action class="com.threerings.tudey.config.ActionConfig$Conditional">
          </action>
        </entry>
      </handlers>
    </implementation>
  </entry>
  <entry>
    <name>Dynamic Object/Furni/On-Use Transients/Sit</name>
    <implementation class="com.threerings.tudey.config.ParameterizedHandlerConfig$Derived">
      <ref>
        <name>Dynamic Object/Furni/On-Use Transients/Parts/Interact</name>
        <arguments>
          <key class="java.lang.String">Interact</key>
          <value class="com.threerings.config.ConfigReference">
            <name>Sittting</name>
          </value>
        </arguments>
      </ref>
    </implementation>
  </entry>
  <entry>
    <name>Dynamic Object/Interact Node/Action (Limit and Destroy Self)</name>
    <parameters>
      <entry class="com.threerings.config.Parameter$Direct">
        <name>Interact Type</name>
        <paths>implementation.handlers[0].action_desc</paths>
      </entry>
      <entry class="com.threerings.config.Parameter$Direct">
        <name>Action</name>
        <paths>implementation.handlers[0].action.action.actions[0]</paths>
      </entry>
      <entry class="com.threerings.config.Parameter$Direct">
        <name>Description</name>
        <paths>implementation.handlers[0].description</paths>
      </entry>
    </parameters>
    <implementation class="com.threerings.tudey.config.ParameterizedHandlerConfig$Original">
      <handlers>
        <entry class="com.threerings.projectx.config.ProjectXHandlerConfig$Interaction">
          <action class="com.threerings.tudey.config.ActionConfig$Conditional">
            <action class="com.threerings.tudey.config.ActionConfig$Compound">
              <actions>
                <entry class="com.threerings.tudey.config.ActionConfig$None">
                </entry>
                <entry class="com.threerings.tudey.config.ActionConfig$Delayed">
                  <action class="com.threerings.tudey.config.ActionConfig$Conditional">
                  </action>
                </entry>
              </actions>
            </action>
          </action>
        </entry>
      </handlers>
    </implementation>
  </entry>
  <entry>
    <name>Dynamic Object/Interact Node/Action (No Limit)</name>
    <parameters>
      <entry class="com.threerings.config.Parameter$Direct">
        <name>Interact Type</name>
        <paths>implementation.handlers[0].action_desc</paths>
      </entry>
      <entry class="com.threerings.config.Parameter$Direct">
        <name>Action</name>
        <paths>implementation.handlers[0].action</paths>
      </entry>
      <entry class="com.threerings.config.Parameter$Direct">
        <name>Description</name>
        <paths>implementation.handlers[0].description</paths>
      </entry>
    </parameters>
    <implementation class="com.threerings.tudey.config.ParameterizedHandlerConfig$Original">
      <handlers>
        <entry class="com.threerings.projectx.config.ProjectXHandlerConfig$Interaction">
          <action class="com.threerings.tudey.config.ActionConfig$None">
          </action>
        </entry>
      </handlers>
    </implementation>
  </entry>
  <entry>
    <name>Dynamic Object/Lobby/Arsenal Arrow</name>
  </entry>
  <entry>
    <name>Dynamic Object/Misc/Infinity Pad/Heath Pickup</name>
    <implementation class="com.threerings.tudey.config.ParameterizedHandlerConfig$Original">
      <handlers>
        <entry class="com.threerings.tudey.config.HandlerConfig$Timer">
          <action class="com.threerings.tudey.config.ActionConfig$Conditional">
            <action class="com.threerings.tudey.config.ActionConfig$FireEffect">
              <effect>
                <name>Basic</name>
                <arguments>
                  <key class="java.lang.String">Attach to Target</key>
                  <value class="java.lang.Boolean">false</value>
                  <key class="java.lang.String">Lifespan</key>
                  <value class="java.lang.Integer">1000</value>
                  <key class="java.lang.String">Model</key>
                  <value class="com.threerings.config.ConfigReference">
                    <name>particle/fx_heal.dat</name>
                  </value>
                </arguments>
              </effect>
            </action>
          </action>
        </entry>
      </handlers>
    </implementation>
  </entry>
  <entry>
    <name>Dynamic Object/Misc/Infinity Pad/Item Pickup</name>
    <parameters>
      <entry class="com.threerings.config.Parameter$Direct">
        <name>Item</name>
        <paths>implementation.handlers[0].action.condition.action.item</paths>
      </entry>
      <entry class="com.threerings.config.Parameter$Direct">
        <name>Item Icon</name>
        <paths>implementation.handlers[0].action.action.actions[0].effect["Texture"]["File"]</paths>
      </entry>
      <entry class="com.threerings.config.Parameter$Direct">
        <name>Colorizations</name>
        <paths>implementation.handlers[0].action.action.actions[0].effect["Texture"]["Colorizations"]</paths>
      </entry>
    </parameters>
    <implementation class="com.threerings.tudey.config.ParameterizedHandlerConfig$Original">
      <handlers>
        <entry class="com.threerings.tudey.config.HandlerConfig$Timer">
          <action class="com.threerings.tudey.config.ActionConfig$Conditional">
            <action class="com.threerings.tudey.config.ActionConfig$Compound">
              <actions>
                <entry class="com.threerings.tudey.config.ActionConfig$FireEffect">
                  <effect>
                    <name>Player/Pickup Item</name>
                    <arguments>
                      <key class="java.lang.String">Item Count</key>
                      <value class="java.lang.String"><!--empty--></value>
                      <key class="java.lang.String">Texture</key>
                      <value class="com.threerings.config.ConfigReference">
                        <name>2D/File/Colorized (Multiple)/Default</name>
                        <arguments>
                          <key class="java.lang.String">Colorizations</key>
                          <value class="[Lcom.threerings.opengl.renderer.config.ColorizationConfig;">
                            <entry class="com.threerings.opengl.renderer.config.ColorizationConfig$Normal">
                              <colorization>516</colorization>
                            </entry>
                            <entry class="com.threerings.opengl.renderer.config.ColorizationConfig$Normal">
                              <colorization>771</colorization>
                            </entry>
                            <entry class="com.threerings.opengl.renderer.config.ColorizationConfig$Normal">
                              <colorization>1026</colorization>
                            </entry>
                          </value>
                          <key class="java.lang.String">File</key>
                          <value class="java.lang.String">ui/icon/inventory/icon_armor.png</value>
                        </arguments>
                      </value>
                    </arguments>
                  </effect>
                </entry>
                <entry class="com.threerings.tudey.config.ActionConfig$FireEffect">
                  <effect>
                    <name>Player/Pickup Item Sound</name>
                  </effect>
                </entry>
              </actions>
            </action>
          </action>
        </entry>
      </handlers>
    </implementation>
  </entry>
  <entry>
    <name>Dynamic Object/Misc/Infinity Pad/Vitapod Pickup</name>
    <parameters>
      <entry class="com.threerings.config.Parameter$Direct">
        <name>Item</name>
        <paths>implementation.handlers[0].action.action.condition.condition.item, implementation.handlers[0].action.action.action.condition.action.item</paths>
      </entry>
      <entry class="com.threerings.config.Parameter$Direct">
        <name>Item Icon</name>
        <paths>implementation.handlers[0].action.action.action.action.actions[0].effect["Texture"]["File"]</paths>
      </entry>
      <entry class="com.threerings.config.Parameter$Direct">
        <name>Colorizations</name>
        <paths>implementation.handlers[0].action.action.action.action.actions[0].effect["Texture"]["Colorizations"]</paths>
      </entry>
    </parameters>
    <implementation class="com.threerings.tudey.config.ParameterizedHandlerConfig$Original">
      <handlers>
        <entry class="com.threerings.tudey.config.HandlerConfig$Timer">
          <action class="com.threerings.tudey.config.ActionConfig$Conditional">
            <action class="com.threerings.tudey.config.ActionConfig$Conditional">
              <action class="com.threerings.tudey.config.ActionConfig$Conditional">
                <action class="com.threerings.tudey.config.ActionConfig$Compound">
                  <actions>
                    <entry class="com.threerings.tudey.config.ActionConfig$FireEffect">
                      <effect>
                        <name>Player/Pickup Item</name>
                        <arguments>
                          <key class="java.lang.String">Item Count</key>
                          <value class="java.lang.String"><!--empty--></value>
                          <key class="java.lang.String">Texture</key>
                          <value class="com.threerings.config.ConfigReference">
                            <name>2D/File/Colorized (Multiple)/Default</name>
                            <arguments>
                              <key class="java.lang.String">Colorizations</key>
                              <value class="[Lcom.threerings.opengl.renderer.config.ColorizationConfig;">
                                <entry class="com.threerings.opengl.renderer.config.ColorizationConfig$Normal">
                                  <colorization>516</colorization>
                                </entry>
                                <entry class="com.threerings.opengl.renderer.config.ColorizationConfig$Normal">
                                  <colorization>771</colorization>
                                </entry>
                                <entry class="com.threerings.opengl.renderer.config.ColorizationConfig$Normal">
                                  <colorization>1026</colorization>
                                </entry>
                              </value>
                              <key class="java.lang.String">File</key>
                              <value class="java.lang.String">ui/icon/inventory/icon_armor.png</value>
                            </arguments>
                          </value>
                        </arguments>
                      </effect>
                    </entry>
                    <entry class="com.threerings.tudey.config.ActionConfig$FireEffect">
                      <effect>
                        <name>Player/Pickup Item Sound</name>
                      </effect>
                    </entry>
                  </actions>
                </action>
              </action>
            </action>
          </action>
        </entry>
      </handlers>
    </implementation>
  </entry>
  <entry>
    <name>Dynamic Object/Misc/Monitors, Stateful/Ghosts in Machine/Proximity Activate</name>
    <implementation class="com.threerings.tudey.config.ParameterizedHandlerConfig$Original">
      <handlers>
        <entry class="com.threerings.tudey.config.HandlerConfig$IntersectionStart">
        </entry>
      </handlers>
    </implementation>
  </entry>
  <entry>
    <name>Dynamic Object/Misc/Monitors, Stateful/Ghosts in Machine/Proximity Deactivate</name>
    <implementation class="com.threerings.tudey.config.ParameterizedHandlerConfig$Original">
      <handlers>
        <entry class="com.threerings.tudey.config.HandlerConfig$IntersectionStop">
        </entry>
      </handlers>
    </implementation>
  </entry>
  <entry>
    <name>Dynamic Object/Monster Objects/Petrified Monsters/on Damage</name>
    <implementation class="com.threerings.tudey.config.ParameterizedHandlerConfig$Original">
      <handlers>
        <entry class="com.threerings.projectx.dungeon.config.DungeonHandlerConfig$Damage">
          <action class="com.threerings.tudey.config.ActionConfig$Compound">
            <actions>
              <entry class="com.threerings.tudey.config.ActionConfig$FireEffect">
                <effect>
                  <name>Basic</name>
                  <arguments>
                    <key class="java.lang.String">Lifespan</key>
                    <value class="java.lang.Integer">1000</value>
                    <key class="java.lang.String">Model</key>
                    <value class="com.threerings.config.ConfigReference">
                      <name>model/scripted/transient_sound.dat</name>
                      <arguments>
                        <key class="java.lang.String">Loop Duration</key>
                        <value class="java.lang.Float">0.0</value>
                        <key class="java.lang.String">Move with Origin</key>
                        <value class="java.lang.Boolean">false</value>
                        <key class="java.lang.String">Sounder</key>
                        <value class="com.threerings.config.ConfigReference">
                          <name>Custom/on_Hit/Stone</name>
                          <arguments>
                            <key class="java.lang.String">Pitch shift</key>
                            <value class="java.lang.String">Lower 2</value>
                          </arguments>
                        </value>
                        <key class="java.lang.String">Transform</key>
                        <value class="com.threerings.math.Transform3D">
                        </value>
                        <key class="java.lang.String">Transient</key>
                        <value class="com.threerings.config.ConfigReference">
                          <name>particle/fx_gethit_normal.dat</name>
                          <arguments>
                            <key class="java.lang.String">Size</key>
                            <value class="java.lang.String">Medium</value>
                          </arguments>
                        </value>
                      </arguments>
                    </value>
                  </arguments>
                </effect>
              </entry>
            </actions>
          </action>
          <mask>3</mask>
        </entry>
      </handlers>
    </implementation>
  </entry>
  <entry>
    <name>Dynamic Object/Monster Objects/Petrified Monsters/on Eyesight</name>
    <parameters>
      <entry class="com.threerings.config.Parameter$Direct">
        <name>Trigger Shape</name>
        <paths>implementation.handlers[0].shape.shape</paths>
      </entry>
    </parameters>
    <implementation class="com.threerings.tudey.config.ParameterizedHandlerConfig$Original">
      <handlers>
        <entry class="com.threerings.tudey.config.HandlerConfig$Intersection">
          <action class="com.threerings.tudey.config.ActionConfig$Conditional">
          </action>
        </entry>
      </handlers>
    </implementation>
  </entry>
  <entry>
    <name>Horde/Evaluate Item Drop</name>
    <parameters>
      <entry class="com.threerings.config.Parameter$Direct">
        <name>Evaluate Reference</name>
        <paths>implementation.handlers[0].action.condition.expression.name</paths>
      </entry>
      <entry class="com.threerings.config.Parameter$Direct">
        <name>Spawn Table</name>
        <paths>implementation.handlers[0].action.action.spawn_table</paths>
      </entry>
    </parameters>
    <implementation class="com.threerings.tudey.config.ParameterizedHandlerConfig$Original">
      <handlers>
        <entry class="com.threerings.tudey.config.HandlerConfig$Shutdown">
          <action class="com.threerings.tudey.config.ActionConfig$Conditional">
            <action class="com.threerings.projectx.dungeon.config.DungeonActionConfig$TableSpawn">
            </action>
          </action>
        </entry>
      </handlers>
    </implementation>
  </entry>
  <entry>
    <name>Monster/Bonus Loot Drop</name>
    <parameters>
      <entry class="com.threerings.config.Parameter$Direct">
        <name>Bonus Loot</name>
        <paths>implementation.handlers[0].action.default_action.cases[0].action.spawn_table</paths>
      </entry>
      <entry class="com.threerings.config.Parameter$Direct">
        <name>Loot</name>
        <paths>implementation.handlers[0].action.default_action.value.value</paths>
      </entry>
    </parameters>
    <implementation class="com.threerings.tudey.config.ParameterizedHandlerConfig$Original">
      <handlers>
        <entry class="com.threerings.projectx.dungeon.config.DungeonHandlerConfig$MemberSnapshotShutdown">
          <action class="com.threerings.tudey.config.ActionConfig$ExpressionSwitch">
            <cases>
              <entry>
                <action class="com.threerings.tudey.config.ActionConfig$None">
                </action>
              </entry>
            </cases>
            <defaultAction class="com.threerings.tudey.config.ActionConfig$ExpressionSwitch">
              <cases>
                <entry>
                  <action class="com.threerings.projectx.dungeon.config.DungeonActionConfig$TableSpawnPerMember">
                  </action>
                </entry>
              </cases>
            </defaultAction>
          </action>
        </entry>
      </handlers>
    </implementation>
  </entry>
  <entry>
    <name>Monster/Boss/Royal Jelly/Absorb</name>
    <implementation class="com.threerings.tudey.config.ParameterizedHandlerConfig$Original">
      <handlers>
        <entry class="com.threerings.tudey.config.HandlerConfig$Timer">
          <action class="com.threerings.tudey.config.ActionConfig$Conditional">
            <action class="com.threerings.tudey.config.ActionConfig$TargetedAction">
              <action class="com.threerings.tudey.config.ActionConfig$Compound">
                <actions>
                  <entry class="com.threerings.projectx.dungeon.config.DungeonActionConfig$DepthScaleHeal">
                    <depthScale>
                      <name>Monster/Heal/Heal Base -05</name>
                    </depthScale>
                  </entry>
                  <entry class="com.threerings.tudey.config.ActionConfig$FireEffect">
                    <effect>
                      <name>Basic</name>
                      <arguments>
                        <key class="java.lang.String">Attach to Target</key>
                        <value class="java.lang.Boolean">false</value>
                        <key class="java.lang.String">Lifespan</key>
                        <value class="java.lang.Integer">1500</value>
                        <key class="java.lang.String">Model</key>
                        <value class="com.threerings.config.ConfigReference">
                          <name>particle/fx_burstheal-wsound.dat</name>
                        </value>
                      </arguments>
                    </effect>
                  </entry>
                  <entry class="com.threerings.tudey.config.ActionConfig$Conditional">
                    <action class="com.threerings.tudey.config.ActionConfig$FireEffect">
                      <effect>
                        <name>Basic</name>
                        <arguments>
                          <key class="java.lang.String">Attach to Target</key>
                          <value class="java.lang.Boolean">false</value>
                          <key class="java.lang.String">Lifespan</key>
                          <value class="java.lang.Integer">1500</value>
                          <key class="java.lang.String">Model</key>
                          <value class="com.threerings.config.ConfigReference">
                            <name>particle/explosion/royalconsume_vortex-wsound.dat</name>
                          </value>
                        </arguments>
                      </effect>
                    </action>
                  </entry>
                </actions>
                <stopOnFailure>true</stopOnFailure>
              </action>
            </action>
          </action>
        </entry>
      </handlers>
    </implementation>
  </entry>
  <entry>
    <name>Monster/Boss/Royal Jelly/Respawn Polyp</name>
    <parameters>
      <entry class="com.threerings.config.Parameter$Direct">
        <name>Delay</name>
        <paths>implementation.handlers[0].action.delay</paths>
      </entry>
      <entry class="com.threerings.config.Parameter$Direct">
        <name>Variant</name>
        <paths>implementation.handlers[0].action.action.actor["Variant"]</paths>
      </entry>
    </parameters>
    <implementation class="com.threerings.tudey.config.ParameterizedHandlerConfig$Original">
      <handlers>
        <entry class="com.threerings.tudey.config.HandlerConfig$ActorRemoved">
          <action class="com.threerings.tudey.config.ActionConfig$Delayed">
            <action class="com.threerings.tudey.config.ActionConfig$SpawnActor">
              <actor>
                <name>Character/NPC/Monster/Boss/Royal Jelly (v2)/Parts/Royal Polyp</name>
                <arguments>
                  <key class="java.lang.String">Variant</key>
                  <value class="java.lang.String">Normal</value>
                  <key class="java.lang.String">Wave Tag</key>
                  <value class="java.lang.String">royal_minion</value>
                </arguments>
              </actor>
            </action>
          </action>
        </entry>
      </handlers>
    </implementation>
  </entry>
  <entry>
    <name>Monster/Boss/Vanaduke/Add Delayed Conditional</name>
    <parameters>
      <entry class="com.threerings.config.Parameter$Direct">
        <name>Actor Tag</name>
        <paths>implementation.handlers[0].target.tag</paths>
      </entry>
      <entry class="com.threerings.config.Parameter$Direct">
        <name>Delay</name>
        <paths>implementation.handlers[0].action.fire_action["Delay"]</paths>
      </entry>
      <entry class="com.threerings.config.Parameter$Direct">
        <name>Reference</name>
        <paths>implementation.handlers[0].action.fire_action["Reference"]</paths>
      </entry>
      <entry class="com.threerings.config.Parameter$Direct">
        <name>Constant</name>
        <paths>implementation.handlers[0].action.fire_action["Constant"]</paths>
      </entry>
      <entry class="com.threerings.config.Parameter$Direct">
        <name>Action</name>
        <paths>implementation.handlers[0].action.fire_action["Action"]</paths>
      </entry>
    </parameters>
    <implementation class="com.threerings.tudey.config.ParameterizedHandlerConfig$Original">
      <handlers>
        <entry class="com.threerings.tudey.config.HandlerConfig$ActorAdded">
          <action class="com.threerings.projectx.dungeon.config.DungeonActionConfig$FireAction">
            <fireAction>
              <name>Character/NPC/Monster/Boss/Vanaduke/Delayed Conditional</name>
              <arguments>
                <key class="java.lang.String">Action</key>
                <value class="com.threerings.tudey.config.ActionConfig$None">
                </value>
                <key class="java.lang.String">Constant</key>
                <value class="java.lang.String"><!--empty--></value>
                <key class="java.lang.String">Reference</key>
                <value class="java.lang.String"><!--empty--></value>
              </arguments>
            </fireAction>
          </action>
        </entry>
      </handlers>
    </implementation>
  </entry>
  <entry>
    <name>Monster/Boss/Vanaduke/Add Set Variable</name>
    <parameters>
      <entry class="com.threerings.config.Parameter$Direct">
        <name>Actor Tag</name>
        <paths>implementation.handlers[0].target.tag</paths>
      </entry>
      <entry class="com.threerings.config.Parameter$Direct">
        <name>Reference</name>
        <paths>implementation.handlers[0].action.action.actions[0].name</paths>
      </entry>
      <entry class="com.threerings.config.Parameter$Direct">
        <name>Constant</name>
        <paths>implementation.handlers[0].action.action.actions[0].value.value</paths>
      </entry>
      <entry class="com.threerings.config.Parameter$Direct">
        <name>Log Message</name>
        <paths>implementation.handlers[0].action.action.actions[1].message</paths>
      </entry>
    </parameters>
    <implementation class="com.threerings.tudey.config.ParameterizedHandlerConfig$Original">
      <handlers>
        <entry class="com.threerings.tudey.config.HandlerConfig$ActorAdded">
          <action class="com.threerings.tudey.config.ActionConfig$Conditional">
            <action class="com.threerings.tudey.config.ActionConfig$Compound">
              <actions>
                <entry class="com.threerings.tudey.config.ActionConfig$ServerLog">
                </entry>
              </actions>
            </action>
          </action>
        </entry>
      </handlers>
    </implementation>
  </entry>
  <entry>
    <name>Monster/Boss/Vanaduke/Remove Delayed Conditional</name>
    <parameters>
      <entry class="com.threerings.config.Parameter$Direct">
        <name>Actor Tag</name>
        <paths>implementation.handlers[0].target.tag</paths>
      </entry>
      <entry class="com.threerings.config.Parameter$Direct">
        <name>Delay</name>
        <paths>implementation.handlers[0].action.fire_action["Delay"]</paths>
      </entry>
      <entry class="com.threerings.config.Parameter$Direct">
        <name>Reference</name>
        <paths>implementation.handlers[0].action.fire_action["Reference"]</paths>
      </entry>
      <entry class="com.threerings.config.Parameter$Direct">
        <name>Constant</name>
        <paths>implementation.handlers[0].action.fire_action["Constant"]</paths>
      </entry>
      <entry class="com.threerings.config.Parameter$Direct">
        <name>Action</name>
        <paths>implementation.handlers[0].action.fire_action["Action"]</paths>
      </entry>
    </parameters>
    <implementation class="com.threerings.tudey.config.ParameterizedHandlerConfig$Original">
      <handlers>
        <entry class="com.threerings.tudey.config.HandlerConfig$ActorRemoved">
          <action class="com.threerings.projectx.dungeon.config.DungeonActionConfig$FireAction">
            <fireAction>
              <name>Character/NPC/Monster/Boss/Vanaduke/Delayed Conditional</name>
              <arguments>
                <key class="java.lang.String">Action</key>
                <value class="com.threerings.tudey.config.ActionConfig$None">
                </value>
                <key class="java.lang.String">Constant</key>
                <value class="java.lang.String"><!--empty--></value>
                <key class="java.lang.String">Reference</key>
                <value class="java.lang.String"><!--empty--></value>
              </arguments>
            </fireAction>
          </action>
        </entry>
      </handlers>
    </implementation>
  </entry>
  <entry>
    <name>Monster/Companion/Warp to Nearest Player</name>
    <parameters>
      <entry class="com.threerings.config.Parameter$Direct">
        <name>Evaluate Interval</name>
        <paths>implementation.handlers[0].interval</paths>
      </entry>
      <entry class="com.threerings.config.Parameter$Direct">
        <name>Visual Effect</name>
        <paths>implementation.handlers[0].action.action.actions[0].fire_action["Cloud FX Variant"]</paths>
      </entry>
    </parameters>
    <implementation class="com.threerings.tudey.config.ParameterizedHandlerConfig$Original">
      <handlers>
        <entry class="com.threerings.tudey.config.HandlerConfig$Timer">
          <action class="com.threerings.tudey.config.ActionConfig$Conditional">
            <action class="com.threerings.tudey.config.ActionConfig$Compound">
              <actions>
                <entry class="com.threerings.projectx.dungeon.config.DungeonActionConfig$FireAction">
                  <fireAction>
                    <name>Base/Warp (with Poof Cloud)</name>
                    <arguments>
                      <key class="java.lang.String">Cloud FX Variant</key>
                      <value class="java.lang.String">White</value>
                    </arguments>
                  </fireAction>
                </entry>
              </actions>
            </action>
          </action>
        </entry>
      </handlers>
    </implementation>
  </entry>
  <entry>
    <name>Monster/Construct/Blastcore/Orbitals/Defense</name>
    <parameters>
      <entry class="com.threerings.config.Parameter$Direct">
        <name>Refresh Interval</name>
        <paths>implementation.handlers[0].action.actions[7].action.actor["Lifetime"], implementation.handlers[0].action.actions[6].action.actor["Lifetime"], implementation.handlers[0].action.actions[5].action.actor["Lifetime"], implementation.handlers[0].action.actions[4].action.actor["Lifetime"], implementation.handlers[0].action.actions[3].action.actor["Lifetime"], implementation.handlers[0].action.actions[2].action.actor["Lifetime"], implementation.handlers[0].action.actions[1].action.actor["Lifetime"], implementation.handlers[0].action.actions[0].action.actor["Lifetime"], implementation.handlers[0].interval</paths>
      </entry>
      <entry class="com.threerings.config.Parameter$Direct">
        <name>Orbital Radius</name>
        <paths>implementation.handlers[0].action.actions[0].action.actor["Orbital Radius"], implementation.handlers[0].action.actions[2].action.actor["Orbital Radius"], implementation.handlers[0].action.actions[1].action.actor["Orbital Radius"], implementation.handlers[0].action.actions[3].action.actor["Orbital Radius"], implementation.handlers[0].action.actions[4].action.actor["Orbital Radius"], implementation.handlers[0].action.actions[5].action.actor["Orbital Radius"], implementation.handlers[0].action.actions[6].action.actor["Orbital Radius"], implementation.handlers[0].action.actions[7].action.actor["Orbital Radius"]</paths>
      </entry>
    </parameters>
    <implementation class="com.threerings.tudey.config.ParameterizedHandlerConfig$Original">
      <handlers>
        <entry class="com.threerings.tudey.config.HandlerConfig$Timer">
          <action class="com.threerings.tudey.config.ActionConfig$Compound">
            <actions>
              <entry class="com.threerings.tudey.config.ActionConfig$Conditional">
                <action class="com.threerings.tudey.config.ActionConfig$SpawnActor">
                  <actor>
                    <name>Character/NPC/Monster/Construct/Blastcore/Parts/Shield</name>
                    <arguments>
                      <key class="java.lang.String">Graphic Rotation</key>
                      <value class="java.lang.String">0</value>
                      <key class="java.lang.String">Orbital Radius</key>
                      <value class="java.lang.Float">1.5</value>
                      <key class="java.lang.String">Starting Rotation</key>
                      <value class="java.lang.Float">0.0</value>
                    </arguments>
                  </actor>
                </action>
              </entry>
              <entry class="com.threerings.tudey.config.ActionConfig$Conditional">
                <action class="com.threerings.tudey.config.ActionConfig$SpawnActor">
                  <actor>
                    <name>Character/NPC/Monster/Construct/Blastcore/Parts/Shield</name>
                    <arguments>
                      <key class="java.lang.String">Graphic Rotation</key>
                      <value class="java.lang.String">1</value>
                      <key class="java.lang.String">Orbital Radius</key>
                      <value class="java.lang.Float">1.5</value>
                      <key class="java.lang.String">Starting Rotation</key>
                      <value class="java.lang.Float">0.7853982</value>
                    </arguments>
                  </actor>
                </action>
              </entry>
              <entry class="com.threerings.tudey.config.ActionConfig$Conditional">
                <action class="com.threerings.tudey.config.ActionConfig$SpawnActor">
                  <actor>
                    <name>Character/NPC/Monster/Construct/Blastcore/Parts/Shield</name>
                    <arguments>
                      <key class="java.lang.String">Graphic Rotation</key>
                      <value class="java.lang.String">2</value>
                      <key class="java.lang.String">Orbital Radius</key>
                      <value class="java.lang.Float">1.5</value>
                      <key class="java.lang.String">Starting Rotation</key>
                      <value class="java.lang.Float">1.5707964</value>
                    </arguments>
                  </actor>
                </action>
              </entry>
              <entry class="com.threerings.tudey.config.ActionConfig$Conditional">
                <action class="com.threerings.tudey.config.ActionConfig$SpawnActor">
                  <actor>
                    <name>Character/NPC/Monster/Construct/Blastcore/Parts/Shield</name>
                    <arguments>
                      <key class="java.lang.String">Graphic Rotation</key>
                      <value class="java.lang.String">3</value>
                      <key class="java.lang.String">Orbital Radius</key>
                      <value class="java.lang.Float">1.5</value>
                      <key class="java.lang.String">Starting Rotation</key>
                      <value class="java.lang.Float">2.3561945</value>
                    </arguments>
                  </actor>
                </action>
              </entry>
              <entry class="com.threerings.tudey.config.ActionConfig$Conditional">
                <action class="com.threerings.tudey.config.ActionConfig$SpawnActor">
                  <actor>
                    <name>Character/NPC/Monster/Construct/Blastcore/Parts/Shield</name>
                    <arguments>
                      <key class="java.lang.String">Graphic Rotation</key>
                      <value class="java.lang.String">4</value>
                      <key class="java.lang.String">Orbital Radius</key>
                      <value class="java.lang.Float">1.5</value>
                      <key class="java.lang.String">Starting Rotation</key>
                      <value class="java.lang.Float">3.1415927</value>
                    </arguments>
                  </actor>
                </action>
              </entry>
              <entry class="com.threerings.tudey.config.ActionConfig$Conditional">
                <action class="com.threerings.tudey.config.ActionConfig$SpawnActor">
                  <actor>
                    <name>Character/NPC/Monster/Construct/Blastcore/Parts/Shield</name>
                    <arguments>
                      <key class="java.lang.String">Graphic Rotation</key>
                      <value class="java.lang.String">5</value>
                      <key class="java.lang.String">Orbital Radius</key>
                      <value class="java.lang.Float">1.5</value>
                      <key class="java.lang.String">Starting Rotation</key>
                      <value class="java.lang.Float">3.9269907</value>
                    </arguments>
                  </actor>
                </action>
              </entry>
              <entry class="com.threerings.tudey.config.ActionConfig$Conditional">
                <action class="com.threerings.tudey.config.ActionConfig$SpawnActor">
                  <actor>
                    <name>Character/NPC/Monster/Construct/Blastcore/Parts/Shield</name>
                    <arguments>
                      <key class="java.lang.String">Graphic Rotation</key>
                      <value class="java.lang.String">6</value>
                      <key class="java.lang.String">Orbital Radius</key>
                      <value class="java.lang.Float">1.5</value>
                      <key class="java.lang.String">Starting Rotation</key>
                      <value class="java.lang.Float">4.712389</value>
                    </arguments>
                  </actor>
                </action>
              </entry>
              <entry class="com.threerings.tudey.config.ActionConfig$Conditional">
                <action class="com.threerings.tudey.config.ActionConfig$SpawnActor">
                  <actor>
                    <name>Character/NPC/Monster/Construct/Blastcore/Parts/Shield</name>
                    <arguments>
                      <key class="java.lang.String">Graphic Rotation</key>
                      <value class="java.lang.String">7</value>
                      <key class="java.lang.String">Orbital Radius</key>
                      <value class="java.lang.Float">1.5</value>
                      <key class="java.lang.String">Starting Rotation</key>
                      <value class="java.lang.Float">5.497787</value>
                    </arguments>
                  </actor>
                </action>
              </entry>
            </actions>
          </action>
        </entry>
      </handlers>
    </implementation>
  </entry>
  <entry>
    <name>Monster/Construct/Blastcore/Orbitals/Defense (Startup)</name>
    <parameters>
      <entry class="com.threerings.config.Parameter$Direct">
        <name>Refresh Interval</name>
        <paths>implementation.handlers[0].action.actions[7].action.actor["Lifetime"], implementation.handlers[0].action.actions[6].action.actor["Lifetime"], implementation.handlers[0].action.actions[5].action.actor["Lifetime"], implementation.handlers[0].action.actions[4].action.actor["Lifetime"], implementation.handlers[0].action.actions[3].action.actor["Lifetime"], implementation.handlers[0].action.actions[2].action.actor["Lifetime"], implementation.handlers[0].action.actions[1].action.actor["Lifetime"], implementation.handlers[0].action.actions[0].action.actor["Lifetime"]</paths>
      </entry>
      <entry class="com.threerings.config.Parameter$Direct">
        <name>Orbital Radius</name>
        <paths>implementation.handlers[0].action.actions[0].action.actor["Orbital Radius"], implementation.handlers[0].action.actions[1].action.actor["Orbital Radius"], implementation.handlers[0].action.actions[2].action.actor["Orbital Radius"], implementation.handlers[0].action.actions[3].action.actor["Orbital Radius"], implementation.handlers[0].action.actions[4].action.actor["Orbital Radius"], implementation.handlers[0].action.actions[5].action.actor["Orbital Radius"], implementation.handlers[0].action.actions[6].action.actor["Orbital Radius"], implementation.handlers[0].action.actions[7].action.actor["Orbital Radius"]</paths>
      </entry>
    </parameters>
    <implementation class="com.threerings.tudey.config.ParameterizedHandlerConfig$Original">
      <handlers>
        <entry class="com.threerings.tudey.config.HandlerConfig$Timer">
          <action class="com.threerings.tudey.config.ActionConfig$Compound">
            <actions>
              <entry class="com.threerings.tudey.config.ActionConfig$Conditional">
                <action class="com.threerings.tudey.config.ActionConfig$SpawnActor">
                  <actor>
                    <name>Character/NPC/Monster/Construct/Blastcore/Parts/Shield</name>
                    <arguments>
                      <key class="java.lang.String">Graphic Rotation</key>
                      <value class="java.lang.String">0</value>
                      <key class="java.lang.String">Orbital Radius</key>
                      <value class="java.lang.Float">1.5</value>
                      <key class="java.lang.String">Starting Rotation</key>
                      <value class="java.lang.Float">0.0</value>
                    </arguments>
                  </actor>
                </action>
              </entry>
              <entry class="com.threerings.tudey.config.ActionConfig$Conditional">
                <action class="com.threerings.tudey.config.ActionConfig$SpawnActor">
                  <actor>
                    <name>Character/NPC/Monster/Construct/Blastcore/Parts/Shield</name>
                    <arguments>
                      <key class="java.lang.String">Graphic Rotation</key>
                      <value class="java.lang.String">1</value>
                      <key class="java.lang.String">Orbital Radius</key>
                      <value class="java.lang.Float">1.5</value>
                      <key class="java.lang.String">Starting Rotation</key>
                      <value class="java.lang.Float">0.7853982</value>
                    </arguments>
                  </actor>
                </action>
              </entry>
              <entry class="com.threerings.tudey.config.ActionConfig$Conditional">
                <action class="com.threerings.tudey.config.ActionConfig$SpawnActor">
                  <actor>
                    <name>Character/NPC/Monster/Construct/Blastcore/Parts/Shield</name>
                    <arguments>
                      <key class="java.lang.String">Graphic Rotation</key>
                      <value class="java.lang.String">2</value>
                      <key class="java.lang.String">Orbital Radius</key>
                      <value class="java.lang.Float">1.5</value>
                      <key class="java.lang.String">Starting Rotation</key>
                      <value class="java.lang.Float">1.5707964</value>
                    </arguments>
                  </actor>
                </action>
              </entry>
              <entry class="com.threerings.tudey.config.ActionConfig$Conditional">
                <action class="com.threerings.tudey.config.ActionConfig$SpawnActor">
                  <actor>
                    <name>Character/NPC/Monster/Construct/Blastcore/Parts/Shield</name>
                    <arguments>
                      <key class="java.lang.String">Graphic Rotation</key>
                      <value class="java.lang.String">3</value>
                      <key class="java.lang.String">Orbital Radius</key>
                      <value class="java.lang.Float">1.5</value>
                      <key class="java.lang.String">Starting Rotation</key>
                      <value class="java.lang.Float">2.3561945</value>
                    </arguments>
                  </actor>
                </action>
              </entry>
              <entry class="com.threerings.tudey.config.ActionConfig$Conditional">
                <action class="com.threerings.tudey.config.ActionConfig$SpawnActor">
                  <actor>
                    <name>Character/NPC/Monster/Construct/Blastcore/Parts/Shield</name>
                    <arguments>
                      <key class="java.lang.String">Graphic Rotation</key>
                      <value class="java.lang.String">4</value>
                      <key class="java.lang.String">Orbital Radius</key>
                      <value class="java.lang.Float">1.5</value>
                      <key class="java.lang.String">Starting Rotation</key>
                      <value class="java.lang.Float">3.1415927</value>
                    </arguments>
                  </actor>
                </action>
              </entry>
              <entry class="com.threerings.tudey.config.ActionConfig$Conditional">
                <action class="com.threerings.tudey.config.ActionConfig$SpawnActor">
                  <actor>
                    <name>Character/NPC/Monster/Construct/Blastcore/Parts/Shield</name>
                    <arguments>
                      <key class="java.lang.String">Graphic Rotation</key>
                      <value class="java.lang.String">5</value>
                      <key class="java.lang.String">Orbital Radius</key>
                      <value class="java.lang.Float">1.5</value>
                      <key class="java.lang.String">Starting Rotation</key>
                      <value class="java.lang.Float">3.9269907</value>
                    </arguments>
                  </actor>
                </action>
              </entry>
              <entry class="com.threerings.tudey.config.ActionConfig$Conditional">
                <action class="com.threerings.tudey.config.ActionConfig$SpawnActor">
                  <actor>
                    <name>Character/NPC/Monster/Construct/Blastcore/Parts/Shield</name>
                    <arguments>
                      <key class="java.lang.String">Graphic Rotation</key>
                      <value class="java.lang.String">6</value>
                      <key class="java.lang.String">Orbital Radius</key>
                      <value class="java.lang.Float">1.5</value>
                      <key class="java.lang.String">Starting Rotation</key>
                      <value class="java.lang.Float">4.712389</value>
                    </arguments>
                  </actor>
                </action>
              </entry>
              <entry class="com.threerings.tudey.config.ActionConfig$Conditional">
                <action class="com.threerings.tudey.config.ActionConfig$SpawnActor">
                  <actor>
                    <name>Character/NPC/Monster/Construct/Blastcore/Parts/Shield</name>
                    <arguments>
                      <key class="java.lang.String">Graphic Rotation</key>
                      <value class="java.lang.String">7</value>
                      <key class="java.lang.String">Orbital Radius</key>
                      <value class="java.lang.Float">1.5</value>
                      <key class="java.lang.String">Starting Rotation</key>
                      <value class="java.lang.Float">5.497787</value>
                    </arguments>
                  </actor>
                </action>
              </entry>
            </actions>
          </action>
        </entry>
      </handlers>
    </implementation>
  </entry>
  <entry depth="1">
    <name>Monster/Construct/Blastcore/Orbitals/Orbitals (Remix 4)</name>
    <parameters>
      <entry class="com.threerings.config.Parameter$Direct">
        <name>Status</name>
        <paths>implementation.handlers[0].action.actions[0].action.action.actor["Status"], implementation.handlers[0].action.actions[1].action.action.actor["Status"], implementation.handlers[0].action.actions[2].action.action.actor["Status"], implementation.handlers[0].action.actions[3].action.action.actor["Status"]</paths>
      </entry>
      <entry class="com.threerings.config.Parameter$Choice" depth="3">
        <outer rdepth="1"/>
        <name>Formation</name>
        <directs>
          <entry>
            <name>Rot 0</name>
            <paths>implementation.handlers[0].action.actions[0].action.action.actor["Starting Rotation"]</paths>
          </entry>
          <entry>
            <name>Rot 1</name>
            <paths>implementation.handlers[0].action.actions[1].action.action.actor["Starting Rotation"]</paths>
          </entry>
          <entry>
            <name>Rot 2</name>
            <paths>implementation.handlers[0].action.actions[2].action.action.actor["Starting Rotation"]</paths>
          </entry>
          <entry>
            <name>Rot 3</name>
            <paths>implementation.handlers[0].action.actions[3].action.action.actor["Starting Rotation"]</paths>
          </entry>
          <entry>
            <name>Rad 0</name>
            <paths>implementation.handlers[0].action.actions[0].action.action.actor["Orbit Radius"]</paths>
          </entry>
          <entry>
            <name>Rad 1</name>
            <paths>implementation.handlers[0].action.actions[1].action.action.actor["Orbit Radius"]</paths>
          </entry>
          <entry>
            <name>Rad 2</name>
            <paths>implementation.handlers[0].action.actions[2].action.action.actor["Orbit Radius"]</paths>
          </entry>
          <entry>
            <name>Rad 3</name>
            <paths>implementation.handlers[0].action.actions[3].action.action.actor["Orbit Radius"]</paths>
          </entry>
          <entry>
            <name>Speed 0</name>
            <paths>implementation.handlers[0].action.actions[0].action.action.actor["Speed"]</paths>
          </entry>
          <entry>
            <name>Speed 1</name>
            <paths>implementation.handlers[0].action.actions[1].action.action.actor["Speed"]</paths>
          </entry>
          <entry>
            <name>Speed 2</name>
            <paths>implementation.handlers[0].action.actions[2].action.action.actor["Speed"]</paths>
          </entry>
          <entry>
            <name>Speed 3</name>
            <paths>implementation.handlers[0].action.actions[3].action.action.actor["Speed"]</paths>
          </entry>
        </directs>
        <options>
          <entry>
            <outer rdepth="3"/>
            <name>Single Arm</name>
            <arguments>
              <key class="java.lang.String">Rad 0</key>
              <value class="java.lang.Float">1.0</value>
              <key class="java.lang.String">Rad 1</key>
              <value class="java.lang.Float">2.0</value>
              <key class="java.lang.String">Rad 2</key>
              <value class="java.lang.Float">3.0</value>
              <key class="java.lang.String">Rad 3</key>
              <value class="java.lang.Float">4.0</value>
              <key class="java.lang.String">Rot 0</key>
              <value class="java.lang.Float">3.1415927</value>
              <key class="java.lang.String">Rot 1</key>
              <value class="java.lang.Float">3.1415927</value>
              <key class="java.lang.String">Rot 2</key>
              <value class="java.lang.Float">3.1415927</value>
              <key class="java.lang.String">Rot 3</key>
              <value class="java.lang.Float">3.1415927</value>
              <key class="java.lang.String">Speed 0</key>
              <value class="java.lang.Float">0.05</value>
              <key class="java.lang.String">Speed 1</key>
              <value class="java.lang.Float">0.05</value>
              <key class="java.lang.String">Speed 2</key>
              <value class="java.lang.Float">0.05</value>
              <key class="java.lang.String">Speed 3</key>
              <value class="java.lang.Float">0.05</value>
            </arguments>
          </entry>
          <entry>
            <outer rdepth="3"/>
            <name>Windmill</name>
            <arguments>
              <key class="java.lang.String">Rad 0</key>
              <value class="java.lang.Float">1.5</value>
              <key class="java.lang.String">Rad 1</key>
              <value class="java.lang.Float">3.0</value>
              <key class="java.lang.String">Rad 2</key>
              <value class="java.lang.Float">1.5</value>
              <key class="java.lang.String">Rad 3</key>
              <value class="java.lang.Float">3.0</value>
              <key class="java.lang.String">Rot 0</key>
              <value class="java.lang.Float">0.0</value>
              <key class="java.lang.String">Rot 1</key>
              <value class="java.lang.Float">0.0</value>
              <key class="java.lang.String">Rot 2</key>
              <value class="java.lang.Float">3.1415927</value>
              <key class="java.lang.String">Rot 3</key>
              <value class="java.lang.Float">3.1415927</value>
              <key class="java.lang.String">Speed 0</key>
              <value class="java.lang.Float">0.05</value>
              <key class="java.lang.String">Speed 1</key>
              <value class="java.lang.Float">0.05</value>
              <key class="java.lang.String">Speed 2</key>
              <value class="java.lang.Float">0.05</value>
              <key class="java.lang.String">Speed 3</key>
              <value class="java.lang.Float">0.05</value>
            </arguments>
          </entry>
          <entry>
            <outer rdepth="3"/>
            <name>Staggered Offset</name>
            <arguments>
              <key class="java.lang.String">Rad 0</key>
              <value class="java.lang.Float">1.5</value>
              <key class="java.lang.String">Rad 1</key>
              <value class="java.lang.Float">3.0</value>
              <key class="java.lang.String">Rad 2</key>
              <value class="java.lang.Float">1.5</value>
              <key class="java.lang.String">Rad 3</key>
              <value class="java.lang.Float">3.0</value>
              <key class="java.lang.String">Rot 0</key>
              <value class="java.lang.Float">0.0</value>
              <key class="java.lang.String">Rot 1</key>
              <value class="java.lang.Float">0.0</value>
              <key class="java.lang.String">Rot 2</key>
              <value class="java.lang.Float">3.1415927</value>
              <key class="java.lang.String">Rot 3</key>
              <value class="java.lang.Float">3.1415927</value>
              <key class="java.lang.String">Speed 0</key>
              <value class="java.lang.Float">0.05</value>
              <key class="java.lang.String">Speed 1</key>
              <value class="java.lang.Float">-0.05</value>
              <key class="java.lang.String">Speed 2</key>
              <value class="java.lang.Float">0.05</value>
              <key class="java.lang.String">Speed 3</key>
              <value class="java.lang.Float">-0.05</value>
            </arguments>
          </entry>
          <entry>
            <outer rdepth="3"/>
            <name>Scissor</name>
            <arguments>
              <key class="java.lang.String">Rad 0</key>
              <value class="java.lang.Float">1.0</value>
              <key class="java.lang.String">Rad 1</key>
              <value class="java.lang.Float">3.0</value>
              <key class="java.lang.String">Rad 2</key>
              <value class="java.lang.Float">2.0</value>
              <key class="java.lang.String">Rad 3</key>
              <value class="java.lang.Float">4.0</value>
              <key class="java.lang.String">Rot 0</key>
              <value class="java.lang.Float">0.0</value>
              <key class="java.lang.String">Rot 1</key>
              <value class="java.lang.Float">0.08726646</value>
              <key class="java.lang.String">Rot 2</key>
              <value class="java.lang.Float">0.17453292</value>
              <key class="java.lang.String">Rot 3</key>
              <value class="java.lang.Float">0.0</value>
              <key class="java.lang.String">Speed 0</key>
              <value class="java.lang.Float">0.2</value>
              <key class="java.lang.String">Speed 1</key>
              <value class="java.lang.Float">-0.1</value>
              <key class="java.lang.String">Speed 2</key>
              <value class="java.lang.Float">0.2</value>
              <key class="java.lang.String">Speed 3</key>
              <value class="java.lang.Float">-0.1</value>
            </arguments>
          </entry>
        </options>
        <choice>Single Arm</choice>
      </entry>
    </parameters>
    <implementation class="com.threerings.tudey.config.ParameterizedHandlerConfig$Original">
      <handlers>
        <entry class="com.threerings.tudey.config.HandlerConfig$Timer">
          <action class="com.threerings.tudey.config.ActionConfig$Compound">
            <actions>
              <entry class="com.threerings.tudey.config.ActionConfig$Conditional">
                <action class="com.threerings.tudey.config.ActionConfig$Delayed">
                  <action class="com.threerings.tudey.config.ActionConfig$SpawnActor">
                    <actor>
                      <name>Character/NPC/Monster/Construct/Blastcore/Parts/Orbital</name>
                      <arguments>
                        <key class="java.lang.String">Orbit Radius</key>
                        <value class="java.lang.Float">1.0</value>
                        <key class="java.lang.String">Speed</key>
                        <value class="java.lang.Float">0.25</value>
                        <key class="java.lang.String">Starting Rotation</key>
                        <value class="java.lang.Float">0.0</value>
                        <key class="java.lang.String">Status</key>
                        <value class="java.lang.String">None</value>
                      </arguments>
                    </actor>
                  </action>
                </action>
              </entry>
              <entry class="com.threerings.tudey.config.ActionConfig$Conditional">
                <action class="com.threerings.tudey.config.ActionConfig$Delayed">
                  <action class="com.threerings.tudey.config.ActionConfig$SpawnActor">
                    <actor>
                      <name>Character/NPC/Monster/Construct/Blastcore/Parts/Orbital</name>
                      <arguments>
                        <key class="java.lang.String">Orbit Radius</key>
                        <value class="java.lang.Float">2.0</value>
                        <key class="java.lang.String">Speed</key>
                        <value class="java.lang.Float">0.1</value>
                        <key class="java.lang.String">Starting Rotation</key>
                        <value class="java.lang.Float">3.1415927</value>
                        <key class="java.lang.String">Status</key>
                        <value class="java.lang.String">None</value>
                      </arguments>
                    </actor>
                  </action>
                </action>
              </entry>
              <entry class="com.threerings.tudey.config.ActionConfig$Conditional">
                <action class="com.threerings.tudey.config.ActionConfig$Delayed">
                  <action class="com.threerings.tudey.config.ActionConfig$SpawnActor">
                    <actor>
                      <name>Character/NPC/Monster/Construct/Blastcore/Parts/Orbital</name>
                      <arguments>
                        <key class="java.lang.String">Orbit Radius</key>
                        <value class="java.lang.Float">3.0</value>
                        <key class="java.lang.String">Speed</key>
                        <value class="java.lang.Float">0.1</value>
                        <key class="java.lang.String">Starting Rotation</key>
                        <value class="java.lang.Float">3.1415927</value>
                        <key class="java.lang.String">Status</key>
                        <value class="java.lang.String">None</value>
                      </arguments>
                    </actor>
                  </action>
                </action>
              </entry>
              <entry class="com.threerings.tudey.config.ActionConfig$Conditional">
                <action class="com.threerings.tudey.config.ActionConfig$Delayed">
                  <action class="com.threerings.tudey.config.ActionConfig$SpawnActor">
                    <actor>
                      <name>Character/NPC/Monster/Construct/Blastcore/Parts/Orbital</name>
                      <arguments>
                        <key class="java.lang.String">Orbit Radius</key>
                        <value class="java.lang.Float">4.0</value>
                        <key class="java.lang.String">Speed</key>
                        <value class="java.lang.Float">0.1</value>
                        <key class="java.lang.String">Starting Rotation</key>
                        <value class="java.lang.Float">3.1415927</value>
                        <key class="java.lang.String">Status</key>
                        <value class="java.lang.String">None</value>
                      </arguments>
                    </actor>
                  </action>
                </action>
              </entry>
            </actions>
          </action>
        </entry>
      </handlers>
    </implementation>
  </entry>
  <entry depth="1">
    <name>Monster/Drone/Damage</name>
    <parameters>
      <entry class="com.threerings.config.Parameter$Choice" depth="3">
        <outer rdepth="1"/>
        <name>Damage Type</name>
        <directs>
          <entry>
            <name>Damage</name>
            <paths>implementation.handlers[0].action.damage</paths>
          </entry>
        </directs>
        <options>
          <entry>
            <outer rdepth="3"/>
            <name>NORMAL</name>
            <arguments>
              <key class="java.lang.String">Damage</key>
              <value class="com.threerings.projectx.dungeon.config.DamageConfig$DepthScale">
                <depthScale>
                  <name>Monster/Damage/Attack Base</name>
                </depthScale>
                <flags>4</flags>
              </value>
            </arguments>
          </entry>
          <entry>
            <outer rdepth="3"/>
            <name>ELEMENTAL</name>
            <arguments>
              <key class="java.lang.String">Damage</key>
              <value class="com.threerings.projectx.dungeon.config.DamageConfig$DepthScaleMulti">
                <depthScale>
                  <name>Monster/Damage/Attack Base</name>
                </depthScale>
                <flags>4</flags>
                <type2>ELEMENTAL</type2>
                <splitDepth>
                  <name>Monster/Split/Split - Full</name>
                </splitDepth>
              </value>
            </arguments>
          </entry>
          <entry>
            <outer rdepth="3"/>
            <name>PIERCING</name>
            <arguments>
              <key class="java.lang.String">Damage</key>
              <value class="com.threerings.projectx.dungeon.config.DamageConfig$DepthScaleMulti">
                <depthScale>
                  <name>Monster/Damage/Attack Base</name>
                </depthScale>
                <flags>4</flags>
                <type2>PIERCING</type2>
                <splitDepth>
                  <name>Monster/Split/Split - Full</name>
                </splitDepth>
              </value>
            </arguments>
          </entry>
          <entry>
            <outer rdepth="3"/>
            <name>SHADOW</name>
            <arguments>
              <key class="java.lang.String">Damage</key>
              <value class="com.threerings.projectx.dungeon.config.DamageConfig$DepthScaleMulti">
                <depthScale>
                  <name>Monster/Damage/Attack Base</name>
                </depthScale>
                <flags>4</flags>
                <type2>SHADOW</type2>
                <splitDepth>
                  <name>Monster/Split/Split - Full</name>
                </splitDepth>
              </value>
            </arguments>
          </entry>
        </options>
        <choice>Normal</choice>
      </entry>
    </parameters>
    <implementation class="com.threerings.tudey.config.ParameterizedHandlerConfig$Original">
      <handlers>
        <entry class="com.threerings.tudey.config.HandlerConfig$Intersection">
          <action class="com.threerings.projectx.dungeon.config.DungeonActionConfig$DamageRegionFromPoint">
            <damage class="com.threerings.projectx.dungeon.config.DamageConfig$DepthScale">
              <depthScale>
                <name>Monster/Damage/Attack Base -10</name>
              </depthScale>
              <flags>4</flags>
            </damage>
          </action>
        </entry>
      </handlers>
    </implementation>
  </entry>
  <entry depth="1">
    <name>Monster/Drone/Razor Damage</name>
    <parameters>
      <entry class="com.threerings.config.Parameter$Choice" depth="3">
        <outer rdepth="1"/>
        <name>Damage Type</name>
        <directs>
          <entry>
            <name>Damage</name>
            <paths>implementation.handlers[0].action.damage</paths>
          </entry>
        </directs>
        <options>
          <entry>
            <outer rdepth="3"/>
            <name>NORMAL</name>
            <arguments>
              <key class="java.lang.String">Damage</key>
              <value class="com.threerings.projectx.dungeon.config.DamageConfig$DepthScale">
                <depthScale>
                  <name>Monster/Damage/Attack Base +10</name>
                </depthScale>
                <flags>4</flags>
              </value>
            </arguments>
          </entry>
          <entry>
            <outer rdepth="3"/>
            <name>ELEMENTAL</name>
            <arguments>
              <key class="java.lang.String">Damage</key>
              <value class="com.threerings.projectx.dungeon.config.DamageConfig$DepthScaleMulti">
                <depthScale>
                  <name>Monster/Damage/Attack Base +10</name>
                </depthScale>
                <flags>4</flags>
                <type2>ELEMENTAL</type2>
                <splitDepth>
                  <name>Monster/Split/Split - Full</name>
                </splitDepth>
              </value>
            </arguments>
          </entry>
          <entry>
            <outer rdepth="3"/>
            <name>PIERCING</name>
            <arguments>
              <key class="java.lang.String">Damage</key>
              <value class="com.threerings.projectx.dungeon.config.DamageConfig$DepthScaleMulti">
                <depthScale>
                  <name>Monster/Damage/Attack Base +10</name>
                </depthScale>
                <flags>4</flags>
                <type2>PIERCING</type2>
                <splitDepth>
                  <name>Monster/Split/Split - Full</name>
                </splitDepth>
              </value>
            </arguments>
          </entry>
          <entry>
            <outer rdepth="3"/>
            <name>SHADOW</name>
            <arguments>
              <key class="java.lang.String">Damage</key>
              <value class="com.threerings.projectx.dungeon.config.DamageConfig$DepthScaleMulti">
                <depthScale>
                  <name>Monster/Damage/Attack Base +10</name>
                </depthScale>
                <flags>4</flags>
                <type2>SHADOW</type2>
                <splitDepth>
                  <name>Monster/Split/Split - Full</name>
                </splitDepth>
              </value>
            </arguments>
          </entry>
        </options>
        <choice>Normal</choice>
      </entry>
    </parameters>
    <implementation class="com.threerings.tudey.config.ParameterizedHandlerConfig$Original">
      <handlers>
        <entry class="com.threerings.tudey.config.HandlerConfig$Intersection">
          <action class="com.threerings.projectx.dungeon.config.DungeonActionConfig$DamageRegionFromPoint">
            <damage class="com.threerings.projectx.dungeon.config.DamageConfig$DepthScale">
              <depthScale>
                <name>Monster/Damage/Attack Base +10</name>
              </depthScale>
              <flags>4</flags>
            </damage>
          </action>
        </entry>
      </handlers>
    </implementation>
  </entry>
  <entry>
    <name>Monster/Drone/Status</name>
    <parameters>
      <entry class="com.threerings.config.Parameter$Direct">
        <name>Status Type</name>
        <paths>implementation.handlers[0].action.actions[1].damage.status_condition</paths>
      </entry>
    </parameters>
    <implementation class="com.threerings.tudey.config.ParameterizedHandlerConfig$Original">
      <handlers>
        <entry class="com.threerings.tudey.config.HandlerConfig$Intersection">
          <action class="com.threerings.tudey.config.ActionConfig$Compound">
            <actions>
              <entry class="com.threerings.tudey.config.ActionConfig$Conditional">
                <action class="com.threerings.tudey.config.ActionConfig$FireEffect">
                  <effect>
                    <name>Sound Effect</name>
                    <arguments>
                      <key class="java.lang.String">Shape</key>
                      <value class="java.lang.String">Point</value>
                      <key class="java.lang.String">Sound</key>
                      <value class="com.threerings.config.ConfigReference">
                        <name>Meta Clip/Single Clip, pitch variation (slight)</name>
                        <arguments>
                          <key class="java.lang.String">File</key>
                          <value class="java.lang.String">sound/effect/monster/dronestatus/dronestatus_laugh_01.ogg</value>
                          <key class="java.lang.String">Gain</key>
                          <value class="java.lang.Float">1.0</value>
                          <key class="java.lang.String">Pitch adjust</key>
                          <value class="java.lang.String">Default</value>
                          <key class="java.lang.String">Range</key>
                          <value class="java.lang.String">Medium</value>
                        </arguments>
                      </value>
                    </arguments>
                  </effect>
                </action>
              </entry>
              <entry class="com.threerings.projectx.dungeon.config.DungeonActionConfig$DamageRegionFromPoint">
                <damage class="com.threerings.projectx.dungeon.config.DamageConfig$Status">
                  <flags>4</flags>
                </damage>
              </entry>
            </actions>
          </action>
        </entry>
      </handlers>
    </implementation>
  </entry>
  <entry>
    <name>Monster/Fiend/Gorgo/Impulse Wander</name>
    <implementation class="com.threerings.tudey.config.ParameterizedHandlerConfig$Original">
      <handlers>
        <entry class="com.threerings.tudey.config.HandlerConfig$Timer">
          <action class="com.threerings.tudey.config.ActionConfig$Conditional">
            <action class="com.threerings.tudey.config.ActionConfig$Random">
              <actions>
                <entry>
                  <action class="com.threerings.projectx.dungeon.config.DungeonActionConfig$ImpulseTarget">
                    <impulseTranslation>-1.0, 0.0</impulseTranslation>
                    <impulseDealt>
                      <translation>0.0, 1.0</translation>
                      <duration>1000</duration>
                      <level>3</level>
                    </impulseDealt>
                  </action>
                </entry>
                <entry>
                  <action class="com.threerings.projectx.dungeon.config.DungeonActionConfig$ImpulseTarget">
                    <impulseTranslation>-1.0, 0.0</impulseTranslation>
                    <impulseDealt>
                      <translation>0.0, -1.0</translation>
                      <duration>1000</duration>
                      <level>3</level>
                    </impulseDealt>
                  </action>
                </entry>
              </actions>
            </action>
          </action>
        </entry>
      </handlers>
    </implementation>
  </entry>
  <entry>
    <name>Monster/Loot Drop</name>
    <parameters>
      <entry class="com.threerings.config.Parameter$Direct">
        <name>Loot</name>
        <paths>implementation.handlers[0].action.fire_action["Loot"], implementation.handlers[1].action.fire_action["Loot"]</paths>
      </entry>
      <entry class="com.threerings.config.Parameter$Direct">
        <name>Size</name>
        <paths>implementation.handlers[0].action.fire_action["Size"]</paths>
      </entry>
    </parameters>
    <implementation class="com.threerings.tudey.config.ParameterizedHandlerConfig$Original">
      <handlers>
        <entry class="com.threerings.tudey.config.HandlerConfig$Shutdown">
          <action class="com.threerings.projectx.dungeon.config.DungeonActionConfig$FireAction">
            <fireAction>
              <name>Character/NPC/Monster/Loot Drop</name>
              <arguments>
                <key class="java.lang.String">Loot</key>
                <value class="java.lang.String">Primary</value>
                <key class="java.lang.String">Size</key>
                <value class="java.lang.String">Small</value>
              </arguments>
            </fireAction>
          </action>
        </entry>
        <entry class="com.threerings.tudey.config.HandlerConfig$Startup">
          <action class="com.threerings.projectx.dungeon.config.DungeonActionConfig$FireAction">
            <fireAction>
              <name>Character/NPC/Monster/Loot State</name>
              <arguments>
                <key class="java.lang.String">Loot</key>
                <value class="java.lang.String">Primary</value>
              </arguments>
            </fireAction>
          </action>
        </entry>
      </handlers>
    </implementation>
  </entry>
  <entry>
    <name>Monster/Slime/Blast Cube Superblast Shard</name>
    <implementation class="com.threerings.tudey.config.ParameterizedHandlerConfig$Original">
      <handlers>
        <entry class="com.threerings.tudey.config.HandlerConfig$Shutdown">
          <action class="com.threerings.tudey.config.ActionConfig$Compound">
            <actions>
              <entry class="com.threerings.projectx.dungeon.config.DungeonActionConfig$FireAction">
                <fireAction>
                  <name>Character/NPC/Monster/Slime/Blast Cube Superblast Shard</name>
                </fireAction>
              </entry>
              <entry class="com.threerings.projectx.dungeon.config.DungeonActionConfig$FireAction">
                <fireAction>
                  <name>Character/NPC/Monster/Slime/Blast Cube Superblast Shard</name>
                </fireAction>
              </entry>
              <entry class="com.threerings.projectx.dungeon.config.DungeonActionConfig$FireAction">
                <fireAction>
                  <name>Character/NPC/Monster/Slime/Blast Cube Superblast Shard</name>
                </fireAction>
              </entry>
              <entry class="com.threerings.projectx.dungeon.config.DungeonActionConfig$FireAction">
                <fireAction>
                  <name>Character/NPC/Monster/Slime/Blast Cube Superblast Shard</name>
                </fireAction>
              </entry>
              <entry class="com.threerings.projectx.dungeon.config.DungeonActionConfig$FireAction">
                <fireAction>
                  <name>Character/NPC/Monster/Slime/Blast Cube Superblast Shard</name>
                </fireAction>
              </entry>
              <entry class="com.threerings.projectx.dungeon.config.DungeonActionConfig$FireAction">
                <fireAction>
                  <name>Character/NPC/Monster/Slime/Blast Cube Superblast Shard</name>
                </fireAction>
              </entry>
            </actions>
          </action>
        </entry>
      </handlers>
    </implementation>
  </entry>
  <entry>
    <name>Monster/Slime/Mimic Tentacle Spawn</name>
    <parameters>
      <entry class="com.threerings.config.Parameter$Direct">
        <name>Damage Type</name>
        <paths>implementation.handlers[0].action.spawn_table["Damage Type"]</paths>
      </entry>
    </parameters>
    <implementation class="com.threerings.tudey.config.ParameterizedHandlerConfig$Original">
      <handlers>
        <entry class="com.threerings.tudey.config.HandlerConfig$Signal">
          <action class="com.threerings.projectx.dungeon.config.DungeonActionConfig$ActivateMonster">
            <spawnTable>
              <name>Monster/Class {stc}/Family/Slime/Mimic/Attack Tentacle - Random</name>
              <arguments>
                <key class="java.lang.String">Damage Type</key>
                <value class="java.lang.String">Normal</value>
              </arguments>
            </spawnTable>
          </action>
        </entry>
      </handlers>
    </implementation>
  </entry>
  <entry>
    <name>Sanctuary/Echo</name>
    <parameters>
      <entry class="com.threerings.config.Parameter$Direct">
        <name>Memory Name</name>
        <paths>implementation.ref["Memory Name"]</paths>
      </entry>
      <entry class="com.threerings.config.Parameter$Direct">
        <name>Artifact</name>
        <paths>implementation.ref["Action"].actor["Artifact"]</paths>
      </entry>
      <entry class="com.threerings.config.Parameter$Direct">
        <name>Item</name>
        <paths>implementation.ref["Action"].actor["Item"]</paths>
      </entry>
    </parameters>
    <implementation class="com.threerings.tudey.config.ParameterizedHandlerConfig$Derived">
      <ref>
        <name>Sanctuary/Parts/Party Memory Conditional</name>
        <arguments>
          <key class="java.lang.String">Action</key>
          <value class="com.threerings.tudey.config.ActionConfig$SpawnActor">
            <actor>
              <name>Dynamic/Misc/Sanctuary/Sanctuary Echo</name>
              <arguments>
                <key class="java.lang.String">Artifact</key>
                <value/>
                <key class="java.lang.String">Item</key>
                <value class="java.lang.String"><!--empty--></value>
              </arguments>
            </actor>
          </value>
          <key class="java.lang.String">Memory Name</key>
          <value class="java.lang.String"><!--empty--></value>
        </arguments>
      </ref>
    </implementation>
  </entry>
  <entry>
    <name>Sanctuary/Mat Drop</name>
    <parameters>
      <entry class="com.threerings.config.Parameter$Direct">
        <name>Memory Name</name>
        <paths>implementation.ref["Memory Name"]</paths>
      </entry>
      <entry class="com.threerings.config.Parameter$Direct">
        <name>Item</name>
        <paths>implementation.ref["Action"].action.spawn_table["Item"]</paths>
      </entry>
    </parameters>
    <implementation class="com.threerings.tudey.config.ParameterizedHandlerConfig$Derived">
      <ref>
        <name>Sanctuary/Parts/Party Memory Conditional</name>
        <arguments>
          <key class="java.lang.String">Action</key>
          <value class="com.threerings.tudey.config.ActionConfig$Conditional">
            <action class="com.threerings.projectx.dungeon.config.DungeonActionConfig$TableSpawn">
              <spawnTable>
                <name>default (Item)</name>
                <arguments>
                  <key class="java.lang.String">Item</key>
                  <value/>
                </arguments>
              </spawnTable>
            </action>
          </value>
          <key class="java.lang.String">Memory Name</key>
          <value class="java.lang.String"><!--empty--></value>
        </arguments>
      </ref>
    </implementation>
  </entry>
  <entry>
    <name>Sanctuary/Parts/Party Memory Conditional</name>
    <parameters>
      <entry class="com.threerings.config.Parameter$Direct">
        <name>Memory Name</name>
        <paths>implementation.handlers[0].action.condition.name</paths>
      </entry>
      <entry class="com.threerings.config.Parameter$Direct">
        <name>Action</name>
        <paths>implementation.handlers[0].action.action</paths>
      </entry>
    </parameters>
    <implementation class="com.threerings.tudey.config.ParameterizedHandlerConfig$Original">
      <handlers>
        <entry class="com.threerings.tudey.config.HandlerConfig$Timer">
          <action class="com.threerings.tudey.config.ActionConfig$Conditional">
            <action class="com.threerings.projectx.dungeon.config.DungeonActionConfig$TableSpawn">
              <spawnTable>
                <name>default (Item)</name>
                <arguments>
                  <key class="java.lang.String">Item</key>
                  <value/>
                </arguments>
              </spawnTable>
            </action>
          </action>
        </entry>
      </handlers>
    </implementation>
  </entry>
</object>
</java>
