<?xml version="1.0" encoding="UTF-8"?>
<java class="com.threerings.export.XMLImporter" version="1.0">
<object class="[Lcom.threerings.tudey.config.PathConfig;">
  <entry>
    <name>Beacons</name>
  </entry>
  <entry>
    <name>Patrol Path</name>
    <parameters>
      <entry class="com.threerings.config.Parameter$Direct">
        <name>Path Tag</name>
        <paths>implementation.tags.tags[0]</paths>
      </entry>
    </parameters>
  </entry>
  <entry>
    <name>Rail</name>
    <parameters>
      <entry class="com.threerings.config.Parameter$Direct">
        <name>Color</name>
        <paths>implementation.color</paths>
      </entry>
    </parameters>
  </entry>
</object>
</java>
