<?xml version="1.0" encoding="UTF-8"?>
<java class="com.threerings.export.XMLImporter" version="1.0">
<object class="[Lcom.threerings.opengl.compositor.config.RenderSchemeConfig;">
  <entry>
    <name>Low Detail</name>
  </entry>
  <entry>
    <name>Medium Detail</name>
  </entry>
  <entry>
    <name>Projection (ST)</name>
    <implementation class="com.threerings.opengl.compositor.config.RenderSchemeConfig$Special">
      <materialRewriter class="com.threerings.opengl.material.config.MaterialRewriter$Projection">
        <s>true</s>
        <t>true</t>
      </materialRewriter>
    </implementation>
  </entry>
  <entry>
    <name>Projection (STQ)</name>
    <implementation class="com.threerings.opengl.compositor.config.RenderSchemeConfig$Special">
      <materialRewriter class="com.threerings.opengl.material.config.MaterialRewriter$Projection">
        <s>true</s>
        <t>true</t>
        <q>true</q>
      </materialRewriter>
    </implementation>
  </entry>
  <entry>
    <name>Projection (STR)</name>
    <implementation class="com.threerings.opengl.compositor.config.RenderSchemeConfig$Special">
      <materialRewriter class="com.threerings.opengl.material.config.MaterialRewriter$Projection">
        <s>true</s>
        <t>true</t>
        <r>true</r>
      </materialRewriter>
    </implementation>
  </entry>
  <entry>
    <name>Projection (STRQ)</name>
    <implementation class="com.threerings.opengl.compositor.config.RenderSchemeConfig$Special">
      <materialRewriter class="com.threerings.opengl.material.config.MaterialRewriter$Projection">
        <s>true</s>
        <t>true</t>
        <r>true</r>
        <q>true</q>
      </materialRewriter>
    </implementation>
  </entry>
  <entry>
    <name>Translucent</name>
    <implementation class="com.threerings.opengl.compositor.config.RenderSchemeConfig$Special">
      <materialRewriter class="com.threerings.opengl.material.config.MaterialRewriter$Translucent">
      </materialRewriter>
    </implementation>
  </entry>
</object>
</java>
