<?xml version="1.0" encoding="UTF-8"?>
<java class="com.threerings.export.XMLImporter" version="1.0">
<object class="[Lcom.threerings.opengl.compositor.config.RenderEffectConfig;">
  <entry>
    <name>Persistence</name>
    <parameters>
      <entry class="com.threerings.config.Parameter$Direct">
        <name>Color</name>
        <paths>implementation.techniques[0].targets[0].steps[0].material["Color"]</paths>
      </entry>
    </parameters>
    <bindings>
      <entry class="com.threerings.expr.ExpressionBinding$StringBinding">
        <paths>implementation.techniques[0].targets[0].steps[0].material["Texture"]["Identity"], implementation.techniques[0].targets[1].color["Identity"]</paths>
        <expression class="com.threerings.expr.StringExpression$Reference">
          <name>identity</name>
        </expression>
      </entry>
    </bindings>
    <implementation class="com.threerings.opengl.compositor.config.RenderEffectConfig$Original">
      <priority>150</priority>
      <techniques>
        <entry>
          <targets>
            <entry class="com.threerings.opengl.compositor.config.TargetConfig$Texture">
              <steps>
                <entry class="com.threerings.opengl.compositor.config.StepConfig$RenderQuad">
                  <material>
                    <name>Render Effect/Blend</name>
                    <arguments>
                      <key class="java.lang.String">Color</key>
                      <value class="com.threerings.opengl.renderer.Color4f">1.0, 1.0, 1.0, 0.99</value>
                      <key class="java.lang.String">Texture</key>
                      <value class="com.threerings.config.ConfigReference">
                        <name>2D (Target)/RGBA</name>
                        <arguments>
                          <key class="java.lang.String">Identity</key>
                          <value class="java.lang.String"><!--empty--></value>
                        </arguments>
                      </value>
                    </arguments>
                  </material>
                </entry>
              </steps>
              <color>
                <name>2D (Target)/RGBA</name>
                <arguments>
                  <key class="java.lang.String">Identity</key>
                  <value class="java.lang.String">tmp0</value>
                </arguments>
              </color>
              <depthBits>16</depthBits>
            </entry>
            <entry class="com.threerings.opengl.compositor.config.TargetConfig$Texture">
              <input>NONE</input>
              <steps>
                <entry class="com.threerings.opengl.compositor.config.StepConfig$RenderQuad">
                  <material>
                    <name>Model/Opaque</name>
                    <arguments>
                      <key class="java.lang.String">Texture</key>
                      <value class="com.threerings.config.ConfigReference">
                        <name>2D (Target)/RGBA</name>
                        <arguments>
                          <key class="java.lang.String">Identity</key>
                          <value class="java.lang.String">tmp0</value>
                        </arguments>
                      </value>
                    </arguments>
                  </material>
                </entry>
              </steps>
              <color>
                <name>2D (Target)/RGBA</name>
                <arguments>
                  <key class="java.lang.String">Identity</key>
                  <value class="java.lang.String"><!--empty--></value>
                </arguments>
              </color>
            </entry>
          </targets>
          <output>
            <input>NONE</input>
            <steps>
              <entry class="com.threerings.opengl.compositor.config.StepConfig$RenderQuad">
                <material>
                  <name>Model/Opaque</name>
                  <arguments>
                    <key class="java.lang.String">Texture</key>
                    <value class="com.threerings.config.ConfigReference">
                      <name>2D (Target)/RGBA</name>
                      <arguments>
                        <key class="java.lang.String">Identity</key>
                        <value class="java.lang.String">tmp0</value>
                      </arguments>
                    </value>
                  </arguments>
                </material>
              </entry>
            </steps>
          </output>
        </entry>
      </techniques>
    </implementation>
  </entry>
  <entry>
    <name>Uniform Blur</name>
    <implementation class="com.threerings.opengl.compositor.config.RenderEffectConfig$Original">
      <priority>150</priority>
      <techniques>
        <entry>
          <targets>
            <entry class="com.threerings.opengl.compositor.config.TargetConfig$Texture">
              <color>
                <name>2D (Target)/RGBA</name>
                <arguments>
                  <key class="java.lang.String">Identity</key>
                  <value class="java.lang.String">tmp0</value>
                </arguments>
              </color>
              <depthBits>16</depthBits>
            </entry>
            <entry class="com.threerings.opengl.compositor.config.TargetConfig$Texture">
              <input>NONE</input>
              <steps>
                <entry class="com.threerings.opengl.compositor.config.StepConfig$RenderQuad">
                  <material>
                    <name>Render Effect/Fragment/Opaque</name>
                    <arguments>
                      <key class="java.lang.String">Fragment</key>
                      <value class="com.threerings.config.ConfigReference">
                        <name>Fragment/Uniform Blur</name>
                        <arguments>
                          <key class="java.lang.String">Vertical</key>
                          <value class="java.lang.Boolean">false</value>
                        </arguments>
                      </value>
                      <key class="java.lang.String">Texture</key>
                      <value class="com.threerings.config.ConfigReference">
                        <name>2D (Target)/RGBA</name>
                        <arguments>
                          <key class="java.lang.String">Identity</key>
                          <value class="java.lang.String">tmp0</value>
                        </arguments>
                      </value>
                    </arguments>
                  </material>
                </entry>
              </steps>
              <color>
                <name>2D (Target)/RGBA</name>
                <arguments>
                  <key class="java.lang.String">Identity</key>
                  <value class="java.lang.String">tmp1</value>
                </arguments>
              </color>
            </entry>
          </targets>
          <output>
            <input>NONE</input>
            <steps>
              <entry class="com.threerings.opengl.compositor.config.StepConfig$RenderQuad">
                <material>
                  <name>Render Effect/Fragment/Opaque</name>
                  <arguments>
                    <key class="java.lang.String">Fragment</key>
                    <value class="com.threerings.config.ConfigReference">
                      <name>Fragment/Uniform Blur</name>
                      <arguments>
                        <key class="java.lang.String">Vertical</key>
                        <value class="java.lang.Boolean">true</value>
                      </arguments>
                    </value>
                    <key class="java.lang.String">Texture</key>
                    <value class="com.threerings.config.ConfigReference">
                      <name>2D (Target)/RGBA</name>
                      <arguments>
                        <key class="java.lang.String">Identity</key>
                        <value class="java.lang.String">tmp1</value>
                      </arguments>
                    </value>
                  </arguments>
                </material>
              </entry>
            </steps>
          </output>
        </entry>
      </techniques>
    </implementation>
  </entry>
  <entry>
    <name>Uniform Blur (Skybox)</name>
    <implementation class="com.threerings.opengl.compositor.config.RenderEffectConfig$Original">
      <priority>-50</priority>
      <techniques>
        <entry>
          <targets>
            <entry class="com.threerings.opengl.compositor.config.TargetConfig$Texture">
              <color>
                <name>2D (Target)/RGBA</name>
                <arguments>
                  <key class="java.lang.String">Identity</key>
                  <value class="java.lang.String">tmp0</value>
                </arguments>
              </color>
              <depthBits>16</depthBits>
            </entry>
            <entry class="com.threerings.opengl.compositor.config.TargetConfig$Texture">
              <input>NONE</input>
              <steps>
                <entry class="com.threerings.opengl.compositor.config.StepConfig$RenderQuad">
                  <material>
                    <name>Render Effect/Fragment/Opaque</name>
                    <arguments>
                      <key class="java.lang.String">Fragment</key>
                      <value class="com.threerings.config.ConfigReference">
                        <name>Fragment/Uniform Blur</name>
                        <arguments>
                          <key class="java.lang.String">Vertical</key>
                          <value class="java.lang.Boolean">false</value>
                        </arguments>
                      </value>
                      <key class="java.lang.String">Texture</key>
                      <value class="com.threerings.config.ConfigReference">
                        <name>2D (Target)/RGBA</name>
                        <arguments>
                          <key class="java.lang.String">Identity</key>
                          <value class="java.lang.String">tmp0</value>
                        </arguments>
                      </value>
                    </arguments>
                  </material>
                </entry>
              </steps>
              <color>
                <name>2D (Target)/RGBA</name>
                <arguments>
                  <key class="java.lang.String">Identity</key>
                  <value class="java.lang.String">tmp1</value>
                </arguments>
              </color>
            </entry>
          </targets>
          <output>
            <input>NONE</input>
            <steps>
              <entry class="com.threerings.opengl.compositor.config.StepConfig$RenderQuad">
                <material>
                  <name>Render Effect/Fragment/Opaque</name>
                  <arguments>
                    <key class="java.lang.String">Fragment</key>
                    <value class="com.threerings.config.ConfigReference">
                      <name>Fragment/Uniform Blur</name>
                      <arguments>
                        <key class="java.lang.String">Vertical</key>
                        <value class="java.lang.Boolean">true</value>
                      </arguments>
                    </value>
                    <key class="java.lang.String">Texture</key>
                    <value class="com.threerings.config.ConfigReference">
                      <name>2D (Target)/RGBA</name>
                      <arguments>
                        <key class="java.lang.String">Identity</key>
                        <value class="java.lang.String">tmp1</value>
                      </arguments>
                    </value>
                  </arguments>
                </material>
              </entry>
            </steps>
          </output>
        </entry>
      </techniques>
    </implementation>
  </entry>
</object>
</java>
