<?xml version="1.0" encoding="UTF-8"?>
<java class="com.threerings.export.XMLImporter" version="1.0">
<object class="[Lcom.threerings.projectx.item.config.VariantTableConfig;">
  <entry>
    <name>Damage Type Defense/Elemental Defense</name>
    <implementation class="com.threerings.projectx.item.config.VariantTableConfig$Original">
      <maxResults>1</maxResults>
      <root class="com.threerings.projectx.item.config.VariantTableConfig$RandomEntry">
        <entries>
          <entry>
            <weight>15.0</weight>
            <entry class="com.threerings.projectx.item.config.VariantTableConfig$VariantEntry">
              <variant>
                <name>Gear/Elemental Defense 1</name>
              </variant>
            </entry>
          </entry>
          <entry>
            <weight>4.0</weight>
            <entry class="com.threerings.projectx.item.config.VariantTableConfig$VariantEntry">
              <variant>
                <name>Gear/Elemental Defense 2</name>
              </variant>
            </entry>
          </entry>
          <entry>
            <entry class="com.threerings.projectx.item.config.VariantTableConfig$VariantEntry">
              <variant>
                <name>Gear/Elemental Defense 3</name>
              </variant>
            </entry>
          </entry>
          <entry>
            <weight>0.5</weight>
            <entry class="com.threerings.projectx.item.config.VariantTableConfig$VariantEntry">
              <variant>
                <name>Gear/Elemental Defense 4</name>
              </variant>
            </entry>
          </entry>
        </entries>
      </root>
    </implementation>
  </entry>
  <entry>
    <name>Damage Type Defense/Normal Defense</name>
    <implementation class="com.threerings.projectx.item.config.VariantTableConfig$Original">
      <maxResults>1</maxResults>
      <root class="com.threerings.projectx.item.config.VariantTableConfig$RandomEntry">
        <entries>
          <entry>
            <weight>15.0</weight>
            <entry class="com.threerings.projectx.item.config.VariantTableConfig$VariantEntry">
              <variant>
                <name>Gear/Normal Defense 1</name>
              </variant>
            </entry>
          </entry>
          <entry>
            <weight>4.0</weight>
            <entry class="com.threerings.projectx.item.config.VariantTableConfig$VariantEntry">
              <variant>
                <name>Gear/Normal Defense 2</name>
              </variant>
            </entry>
          </entry>
          <entry>
            <entry class="com.threerings.projectx.item.config.VariantTableConfig$VariantEntry">
              <variant>
                <name>Gear/Normal Defense 3</name>
              </variant>
            </entry>
          </entry>
          <entry>
            <weight>0.5</weight>
            <entry class="com.threerings.projectx.item.config.VariantTableConfig$VariantEntry">
              <variant>
                <name>Gear/Normal Defense 4</name>
              </variant>
            </entry>
          </entry>
        </entries>
      </root>
    </implementation>
  </entry>
  <entry>
    <name>Damage Type Defense/Pierce Defense</name>
    <implementation class="com.threerings.projectx.item.config.VariantTableConfig$Original">
      <maxResults>1</maxResults>
      <root class="com.threerings.projectx.item.config.VariantTableConfig$RandomEntry">
        <entries>
          <entry>
            <weight>15.0</weight>
            <entry class="com.threerings.projectx.item.config.VariantTableConfig$VariantEntry">
              <variant>
                <name>Gear/Pierce Defense 1</name>
              </variant>
            </entry>
          </entry>
          <entry>
            <weight>4.0</weight>
            <entry class="com.threerings.projectx.item.config.VariantTableConfig$VariantEntry">
              <variant>
                <name>Gear/Pierce Defense 2</name>
              </variant>
            </entry>
          </entry>
          <entry>
            <entry class="com.threerings.projectx.item.config.VariantTableConfig$VariantEntry">
              <variant>
                <name>Gear/Pierce Defense 3</name>
              </variant>
            </entry>
          </entry>
          <entry>
            <weight>0.5</weight>
            <entry class="com.threerings.projectx.item.config.VariantTableConfig$VariantEntry">
              <variant>
                <name>Gear/Pierce Defense 4</name>
              </variant>
            </entry>
          </entry>
        </entries>
      </root>
    </implementation>
  </entry>
  <entry>
    <name>Damage Type Defense/Shadow Defense</name>
    <implementation class="com.threerings.projectx.item.config.VariantTableConfig$Original">
      <maxResults>1</maxResults>
      <root class="com.threerings.projectx.item.config.VariantTableConfig$RandomEntry">
        <entries>
          <entry>
            <weight>15.0</weight>
            <entry class="com.threerings.projectx.item.config.VariantTableConfig$VariantEntry">
              <variant>
                <name>Gear/Shadow Defense 1</name>
              </variant>
            </entry>
          </entry>
          <entry>
            <weight>4.0</weight>
            <entry class="com.threerings.projectx.item.config.VariantTableConfig$VariantEntry">
              <variant>
                <name>Gear/Shadow Defense 2</name>
              </variant>
            </entry>
          </entry>
          <entry>
            <entry class="com.threerings.projectx.item.config.VariantTableConfig$VariantEntry">
              <variant>
                <name>Gear/Shadow Defense 3</name>
              </variant>
            </entry>
          </entry>
          <entry>
            <weight>0.5</weight>
            <entry class="com.threerings.projectx.item.config.VariantTableConfig$VariantEntry">
              <variant>
                <name>Gear/Shadow Defense 4</name>
              </variant>
            </entry>
          </entry>
        </entries>
      </root>
    </implementation>
  </entry>
  <entry>
    <name>Default</name>
    <parameters>
      <entry class="com.threerings.config.Parameter$Direct">
        <name>Variant</name>
        <paths>implementation.root.variant</paths>
      </entry>
    </parameters>
    <implementation class="com.threerings.projectx.item.config.VariantTableConfig$Original">
      <maxResults>1</maxResults>
    </implementation>
  </entry>
  <entry>
    <name>Item/Armor, general</name>
    <implementation class="com.threerings.projectx.item.config.VariantTableConfig$Derived">
      <variantTable>
        <name>Item/Parts/Base</name>
      </variantTable>
    </implementation>
  </entry>
  <entry>
    <name>Item/Bomb, general</name>
    <implementation class="com.threerings.projectx.item.config.VariantTableConfig$Derived">
      <variantTable>
        <name>Item/Parts/Base</name>
      </variantTable>
    </implementation>
  </entry>
  <entry>
    <name>Item/Handgun, general</name>
    <implementation class="com.threerings.projectx.item.config.VariantTableConfig$Derived">
      <variantTable>
        <name>Item/Parts/Base</name>
      </variantTable>
    </implementation>
  </entry>
  <entry>
    <name>Item/Helm, general</name>
    <implementation class="com.threerings.projectx.item.config.VariantTableConfig$Derived">
      <variantTable>
        <name>Item/Parts/Base</name>
      </variantTable>
    </implementation>
  </entry>
  <entry>
    <name>Item/Parts/Base</name>
    <implementation class="com.threerings.projectx.item.config.VariantTableConfig$Original">
      <root class="com.threerings.projectx.item.config.VariantTableConfig$CompoundEntry">
        <entries>
          <entry class="com.threerings.projectx.item.config.VariantTableConfig$GroupEntry">
            <entry class="com.threerings.projectx.item.config.VariantTableConfig$TableEntry">
              <variantTable>
                <name>Item/Parts/Weapon</name>
              </variantTable>
            </entry>
          </entry>
          <entry class="com.threerings.projectx.item.config.VariantTableConfig$GroupEntry">
            <group>HANDGUN</group>
            <entry class="com.threerings.projectx.item.config.VariantTableConfig$TableEntry">
              <variantTable>
                <name>Item/Parts/Weapon</name>
              </variantTable>
            </entry>
          </entry>
          <entry class="com.threerings.projectx.item.config.VariantTableConfig$GroupEntry">
            <group>BOMB</group>
            <entry class="com.threerings.projectx.item.config.VariantTableConfig$TableEntry">
              <variantTable>
                <name>Item/Parts/Bomb</name>
              </variantTable>
            </entry>
          </entry>
          <entry class="com.threerings.projectx.item.config.VariantTableConfig$GroupEntry">
            <group>HELM</group>
            <entry class="com.threerings.projectx.item.config.VariantTableConfig$TableEntry">
              <variantTable>
                <name>Item/Parts/Gear</name>
              </variantTable>
            </entry>
          </entry>
          <entry class="com.threerings.projectx.item.config.VariantTableConfig$GroupEntry">
            <group>ARMOR</group>
            <entry class="com.threerings.projectx.item.config.VariantTableConfig$TableEntry">
              <variantTable>
                <name>Item/Parts/Gear</name>
              </variantTable>
            </entry>
          </entry>
          <entry class="com.threerings.projectx.item.config.VariantTableConfig$GroupEntry">
            <group>SHIELD</group>
            <entry class="com.threerings.projectx.item.config.VariantTableConfig$TableEntry">
              <variantTable>
                <name>Item/Parts/Gear</name>
              </variantTable>
            </entry>
          </entry>
        </entries>
      </root>
    </implementation>
  </entry>
  <entry>
    <name>Item/Parts/Bomb</name>
    <implementation class="com.threerings.projectx.item.config.VariantTableConfig$Derived">
      <variantTable>
        <name>Item/Parts/Selection Base</name>
        <arguments>
          <key class="java.lang.String">Weighted Entries</key>
          <value class="[Lcom.threerings.projectx.item.config.VariantTableConfig$WeightedEntry;">
            <entry>
              <entry class="com.threerings.projectx.item.config.VariantTableConfig$TableEntry">
                <variantTable>
                  <name>Tagged Damage/Beast Damage</name>
                </variantTable>
              </entry>
            </entry>
            <entry>
              <entry class="com.threerings.projectx.item.config.VariantTableConfig$TableEntry">
                <variantTable>
                  <name>Tagged Damage/Construct Damage</name>
                </variantTable>
              </entry>
            </entry>
            <entry>
              <entry class="com.threerings.projectx.item.config.VariantTableConfig$TableEntry">
                <variantTable>
                  <name>Tagged Damage/Fiend Damage</name>
                </variantTable>
              </entry>
            </entry>
            <entry>
              <entry class="com.threerings.projectx.item.config.VariantTableConfig$TableEntry">
                <variantTable>
                  <name>Tagged Damage/Gremlin Damage</name>
                </variantTable>
              </entry>
            </entry>
            <entry>
              <entry class="com.threerings.projectx.item.config.VariantTableConfig$TableEntry">
                <variantTable>
                  <name>Tagged Damage/Slime Damage</name>
                </variantTable>
              </entry>
            </entry>
            <entry>
              <entry class="com.threerings.projectx.item.config.VariantTableConfig$TableEntry">
                <variantTable>
                  <name>Tagged Damage/Undead Damage</name>
                </variantTable>
              </entry>
            </entry>
            <entry>
              <entry class="com.threerings.projectx.item.config.VariantTableConfig$TableEntry">
                <variantTable>
                  <name>Weapon Speed/Charge Time</name>
                </variantTable>
              </entry>
            </entry>
          </value>
        </arguments>
      </variantTable>
    </implementation>
  </entry>
  <entry>
    <name>Item/Parts/Gear</name>
    <implementation class="com.threerings.projectx.item.config.VariantTableConfig$Derived">
      <variantTable>
        <name>Item/Parts/Selection Base</name>
        <arguments>
          <key class="java.lang.String">Weighted Entries</key>
          <value class="[Lcom.threerings.projectx.item.config.VariantTableConfig$WeightedEntry;">
            <entry>
              <entry class="com.threerings.projectx.item.config.VariantTableConfig$TableEntry">
                <variantTable>
                  <name>Damage Type Defense/Elemental Defense</name>
                </variantTable>
              </entry>
            </entry>
            <entry>
              <entry class="com.threerings.projectx.item.config.VariantTableConfig$TableEntry">
                <variantTable>
                  <name>Damage Type Defense/Normal Defense</name>
                </variantTable>
              </entry>
            </entry>
            <entry>
              <entry class="com.threerings.projectx.item.config.VariantTableConfig$TableEntry">
                <variantTable>
                  <name>Damage Type Defense/Pierce Defense</name>
                </variantTable>
              </entry>
            </entry>
            <entry>
              <entry class="com.threerings.projectx.item.config.VariantTableConfig$TableEntry">
                <variantTable>
                  <name>Damage Type Defense/Shadow Defense</name>
                </variantTable>
              </entry>
            </entry>
            <entry>
              <entry class="com.threerings.projectx.item.config.VariantTableConfig$TableEntry">
                <variantTable>
                  <name>Status Resist/Curse Resist</name>
                </variantTable>
              </entry>
            </entry>
            <entry>
              <entry class="com.threerings.projectx.item.config.VariantTableConfig$TableEntry">
                <variantTable>
                  <name>Status Resist/Fire Resist</name>
                </variantTable>
              </entry>
            </entry>
            <entry>
              <entry class="com.threerings.projectx.item.config.VariantTableConfig$TableEntry">
                <variantTable>
                  <name>Status Resist/Freeze Resist</name>
                </variantTable>
              </entry>
            </entry>
            <entry>
              <entry class="com.threerings.projectx.item.config.VariantTableConfig$TableEntry">
                <variantTable>
                  <name>Status Resist/Poison Resist</name>
                </variantTable>
              </entry>
            </entry>
            <entry>
              <entry class="com.threerings.projectx.item.config.VariantTableConfig$TableEntry">
                <variantTable>
                  <name>Status Resist/Shock Resist</name>
                </variantTable>
              </entry>
            </entry>
            <entry>
              <entry class="com.threerings.projectx.item.config.VariantTableConfig$TableEntry">
                <variantTable>
                  <name>Status Resist/Stun Resist</name>
                </variantTable>
              </entry>
            </entry>
          </value>
        </arguments>
      </variantTable>
    </implementation>
  </entry>
  <entry>
    <name>Item/Parts/Selection Base</name>
    <parameters>
      <entry class="com.threerings.config.Parameter$Direct">
        <name>Weighted Entries</name>
        <paths>implementation.root.entries</paths>
      </entry>
    </parameters>
    <implementation class="com.threerings.projectx.item.config.VariantTableConfig$Original">
      <root class="com.threerings.projectx.item.config.VariantTableConfig$RandomSelectionEntry">
        <selectionWeights>0.889, 0.1, 0.01, 0.001</selectionWeights>
      </root>
    </implementation>
  </entry>
  <entry>
    <name>Item/Parts/Weapon</name>
    <implementation class="com.threerings.projectx.item.config.VariantTableConfig$Derived">
      <variantTable>
        <name>Item/Parts/Selection Base</name>
        <arguments>
          <key class="java.lang.String">Weighted Entries</key>
          <value class="[Lcom.threerings.projectx.item.config.VariantTableConfig$WeightedEntry;">
            <entry>
              <entry class="com.threerings.projectx.item.config.VariantTableConfig$TableEntry">
                <variantTable>
                  <name>Tagged Damage/Beast Damage</name>
                </variantTable>
              </entry>
            </entry>
            <entry>
              <entry class="com.threerings.projectx.item.config.VariantTableConfig$TableEntry">
                <variantTable>
                  <name>Tagged Damage/Construct Damage</name>
                </variantTable>
              </entry>
            </entry>
            <entry>
              <entry class="com.threerings.projectx.item.config.VariantTableConfig$TableEntry">
                <variantTable>
                  <name>Tagged Damage/Fiend Damage</name>
                </variantTable>
              </entry>
            </entry>
            <entry>
              <entry class="com.threerings.projectx.item.config.VariantTableConfig$TableEntry">
                <variantTable>
                  <name>Tagged Damage/Gremlin Damage</name>
                </variantTable>
              </entry>
            </entry>
            <entry>
              <entry class="com.threerings.projectx.item.config.VariantTableConfig$TableEntry">
                <variantTable>
                  <name>Tagged Damage/Slime Damage</name>
                </variantTable>
              </entry>
            </entry>
            <entry>
              <entry class="com.threerings.projectx.item.config.VariantTableConfig$TableEntry">
                <variantTable>
                  <name>Tagged Damage/Undead Damage</name>
                </variantTable>
              </entry>
            </entry>
            <entry>
              <entry class="com.threerings.projectx.item.config.VariantTableConfig$TableEntry">
                <variantTable>
                  <name>Weapon Speed/Attack Speed</name>
                </variantTable>
              </entry>
            </entry>
            <entry>
              <entry class="com.threerings.projectx.item.config.VariantTableConfig$TableEntry">
                <variantTable>
                  <name>Weapon Speed/Charge Time</name>
                </variantTable>
              </entry>
            </entry>
          </value>
        </arguments>
      </variantTable>
    </implementation>
  </entry>
  <entry>
    <name>Item/Shield, general</name>
    <implementation class="com.threerings.projectx.item.config.VariantTableConfig$Derived">
      <variantTable>
        <name>Item/Parts/Base</name>
      </variantTable>
    </implementation>
  </entry>
  <entry>
    <name>Item/Sword, general</name>
    <implementation class="com.threerings.projectx.item.config.VariantTableConfig$Derived">
      <variantTable>
        <name>Item/Parts/Base</name>
      </variantTable>
    </implementation>
  </entry>
  <entry>
    <name>Mission/Message</name>
    <parameters>
      <entry class="com.threerings.config.Parameter$Direct">
        <name>Message</name>
        <paths>implementation.root.variant["Message"]</paths>
      </entry>
    </parameters>
    <implementation class="com.threerings.projectx.item.config.VariantTableConfig$Original">
      <maxResults>1</maxResults>
      <root class="com.threerings.projectx.item.config.VariantTableConfig$VariantEntry">
        <variant>
          <name>Message/Message</name>
          <arguments>
            <key class="java.lang.String">Bundle</key>
            <value class="java.lang.String">mission</value>
            <key class="java.lang.String">Message</key>
            <value class="java.lang.String"><!--empty--></value>
          </arguments>
        </variant>
      </root>
    </implementation>
  </entry>
  <entry>
    <name>Shop/Parts/Armor</name>
    <parameters>
      <entry class="com.threerings.config.Parameter$Direct">
        <name>Results</name>
        <paths>implementation.max_results, implementation.root.selections</paths>
      </entry>
    </parameters>
    <implementation class="com.threerings.projectx.item.config.VariantTableConfig$Original">
      <root class="com.threerings.projectx.item.config.VariantTableConfig$SelectionEntry">
        <exclude>true</exclude>
        <entries>
          <entry>
            <entry class="com.threerings.projectx.item.config.VariantTableConfig$TableEntry">
              <variantTable>
                <name>Damage Type Defense/Elemental Defense</name>
              </variantTable>
            </entry>
          </entry>
          <entry>
            <entry class="com.threerings.projectx.item.config.VariantTableConfig$TableEntry">
              <variantTable>
                <name>Damage Type Defense/Normal Defense</name>
              </variantTable>
            </entry>
          </entry>
          <entry>
            <entry class="com.threerings.projectx.item.config.VariantTableConfig$TableEntry">
              <variantTable>
                <name>Damage Type Defense/Pierce Defense</name>
              </variantTable>
            </entry>
          </entry>
          <entry>
            <entry class="com.threerings.projectx.item.config.VariantTableConfig$TableEntry">
              <variantTable>
                <name>Damage Type Defense/Shadow Defense</name>
              </variantTable>
            </entry>
          </entry>
          <entry>
            <entry class="com.threerings.projectx.item.config.VariantTableConfig$TableEntry">
              <variantTable>
                <name>Status Resist/Curse Resist</name>
              </variantTable>
            </entry>
          </entry>
          <entry>
            <entry class="com.threerings.projectx.item.config.VariantTableConfig$TableEntry">
              <variantTable>
                <name>Status Resist/Fire Resist</name>
              </variantTable>
            </entry>
          </entry>
          <entry>
            <entry class="com.threerings.projectx.item.config.VariantTableConfig$TableEntry">
              <variantTable>
                <name>Status Resist/Freeze Resist</name>
              </variantTable>
            </entry>
          </entry>
          <entry>
            <entry class="com.threerings.projectx.item.config.VariantTableConfig$TableEntry">
              <variantTable>
                <name>Status Resist/Poison Resist</name>
              </variantTable>
            </entry>
          </entry>
          <entry>
            <entry class="com.threerings.projectx.item.config.VariantTableConfig$TableEntry">
              <variantTable>
                <name>Status Resist/Shock Resist</name>
              </variantTable>
            </entry>
          </entry>
          <entry>
            <entry class="com.threerings.projectx.item.config.VariantTableConfig$TableEntry">
              <variantTable>
                <name>Status Resist/Stun Resist</name>
              </variantTable>
            </entry>
          </entry>
        </entries>
        <selections>3</selections>
      </root>
    </implementation>
  </entry>
  <entry>
    <name>Shop/Parts/Base</name>
    <parameters>
      <entry class="com.threerings.config.Parameter$Direct">
        <name>Max Results</name>
        <paths>implementation.max_results, implementation.root.entries[0].entry.variant_table["Results"], implementation.root.entries[1].entry.variant_table["Results"], implementation.root.entries[2].entry.variant_table["Results"], implementation.root.entries[3].entry.variant_table["Results"], implementation.root.entries[4].entry.variant_table["Results"], implementation.root.entries[5].entry.variant_table["Results"]</paths>
      </entry>
    </parameters>
    <implementation class="com.threerings.projectx.item.config.VariantTableConfig$Original">
      <root class="com.threerings.projectx.item.config.VariantTableConfig$CompoundEntry">
        <entries>
          <entry class="com.threerings.projectx.item.config.VariantTableConfig$GroupEntry">
            <entry class="com.threerings.projectx.item.config.VariantTableConfig$TableEntry">
              <variantTable>
                <name>Shop/Parts/Sword</name>
                <arguments>
                  <key class="java.lang.String">Results</key>
                  <value class="java.lang.Integer">3</value>
                </arguments>
              </variantTable>
            </entry>
          </entry>
          <entry class="com.threerings.projectx.item.config.VariantTableConfig$GroupEntry">
            <group>HANDGUN</group>
            <entry class="com.threerings.projectx.item.config.VariantTableConfig$TableEntry">
              <variantTable>
                <name>Shop/Parts/Handgun</name>
                <arguments>
                  <key class="java.lang.String">Results</key>
                  <value class="java.lang.Integer">3</value>
                </arguments>
              </variantTable>
            </entry>
          </entry>
          <entry class="com.threerings.projectx.item.config.VariantTableConfig$GroupEntry">
            <group>BOMB</group>
            <entry class="com.threerings.projectx.item.config.VariantTableConfig$TableEntry">
              <variantTable>
                <name>Shop/Parts/Bomb</name>
                <arguments>
                  <key class="java.lang.String">Results</key>
                  <value class="java.lang.Integer">3</value>
                </arguments>
              </variantTable>
            </entry>
          </entry>
          <entry class="com.threerings.projectx.item.config.VariantTableConfig$GroupEntry">
            <group>HELM</group>
            <entry class="com.threerings.projectx.item.config.VariantTableConfig$TableEntry">
              <variantTable>
                <name>Shop/Parts/Helm</name>
                <arguments>
                  <key class="java.lang.String">Results</key>
                  <value class="java.lang.Integer">3</value>
                </arguments>
              </variantTable>
            </entry>
          </entry>
          <entry class="com.threerings.projectx.item.config.VariantTableConfig$GroupEntry">
            <group>ARMOR</group>
            <entry class="com.threerings.projectx.item.config.VariantTableConfig$TableEntry">
              <variantTable>
                <name>Shop/Parts/Armor</name>
                <arguments>
                  <key class="java.lang.String">Results</key>
                  <value class="java.lang.Integer">3</value>
                </arguments>
              </variantTable>
            </entry>
          </entry>
          <entry class="com.threerings.projectx.item.config.VariantTableConfig$GroupEntry">
            <group>SHIELD</group>
            <entry class="com.threerings.projectx.item.config.VariantTableConfig$TableEntry">
              <variantTable>
                <name>Shop/Parts/Shield</name>
                <arguments>
                  <key class="java.lang.String">Results</key>
                  <value class="java.lang.Integer">3</value>
                </arguments>
              </variantTable>
            </entry>
          </entry>
        </entries>
      </root>
    </implementation>
  </entry>
  <entry>
    <name>Shop/Parts/Bomb</name>
    <parameters>
      <entry class="com.threerings.config.Parameter$Direct">
        <name>Results</name>
        <paths>implementation.root.selections, implementation.max_results</paths>
      </entry>
    </parameters>
    <implementation class="com.threerings.projectx.item.config.VariantTableConfig$Original">
      <root class="com.threerings.projectx.item.config.VariantTableConfig$SelectionEntry">
        <exclude>true</exclude>
        <entries>
          <entry>
            <entry class="com.threerings.projectx.item.config.VariantTableConfig$TableEntry">
              <variantTable>
                <name>Weapon Speed/Charge Time</name>
              </variantTable>
            </entry>
          </entry>
          <entry>
            <entry class="com.threerings.projectx.item.config.VariantTableConfig$TableEntry">
              <variantTable>
                <name>Tagged Damage/Beast Damage</name>
              </variantTable>
            </entry>
          </entry>
          <entry>
            <entry class="com.threerings.projectx.item.config.VariantTableConfig$TableEntry">
              <variantTable>
                <name>Tagged Damage/Construct Damage</name>
              </variantTable>
            </entry>
          </entry>
          <entry>
            <entry class="com.threerings.projectx.item.config.VariantTableConfig$TableEntry">
              <variantTable>
                <name>Tagged Damage/Fiend Damage</name>
              </variantTable>
            </entry>
          </entry>
          <entry>
            <entry class="com.threerings.projectx.item.config.VariantTableConfig$TableEntry">
              <variantTable>
                <name>Tagged Damage/Gremlin Damage</name>
              </variantTable>
            </entry>
          </entry>
          <entry>
            <entry class="com.threerings.projectx.item.config.VariantTableConfig$TableEntry">
              <variantTable>
                <name>Tagged Damage/Slime Damage</name>
              </variantTable>
            </entry>
          </entry>
          <entry>
            <entry class="com.threerings.projectx.item.config.VariantTableConfig$TableEntry">
              <variantTable>
                <name>Tagged Damage/Undead Damage</name>
              </variantTable>
            </entry>
          </entry>
        </entries>
        <selections>3</selections>
      </root>
    </implementation>
  </entry>
  <entry>
    <name>Shop/Parts/Handgun</name>
    <parameters>
      <entry class="com.threerings.config.Parameter$Direct">
        <name>Results</name>
        <paths>implementation.max_results, implementation.root.selections</paths>
      </entry>
    </parameters>
    <implementation class="com.threerings.projectx.item.config.VariantTableConfig$Original">
      <root class="com.threerings.projectx.item.config.VariantTableConfig$SelectionEntry">
        <exclude>true</exclude>
        <entries>
          <entry>
            <entry class="com.threerings.projectx.item.config.VariantTableConfig$TableEntry">
              <variantTable>
                <name>Weapon Speed/Attack Speed</name>
              </variantTable>
            </entry>
          </entry>
          <entry>
            <entry class="com.threerings.projectx.item.config.VariantTableConfig$TableEntry">
              <variantTable>
                <name>Weapon Speed/Charge Time</name>
              </variantTable>
            </entry>
          </entry>
          <entry>
            <entry class="com.threerings.projectx.item.config.VariantTableConfig$TableEntry">
              <variantTable>
                <name>Tagged Damage/Beast Damage</name>
              </variantTable>
            </entry>
          </entry>
          <entry>
            <entry class="com.threerings.projectx.item.config.VariantTableConfig$TableEntry">
              <variantTable>
                <name>Tagged Damage/Construct Damage</name>
              </variantTable>
            </entry>
          </entry>
          <entry>
            <entry class="com.threerings.projectx.item.config.VariantTableConfig$TableEntry">
              <variantTable>
                <name>Tagged Damage/Fiend Damage</name>
              </variantTable>
            </entry>
          </entry>
          <entry>
            <entry class="com.threerings.projectx.item.config.VariantTableConfig$TableEntry">
              <variantTable>
                <name>Tagged Damage/Gremlin Damage</name>
              </variantTable>
            </entry>
          </entry>
          <entry>
            <entry class="com.threerings.projectx.item.config.VariantTableConfig$TableEntry">
              <variantTable>
                <name>Tagged Damage/Slime Damage</name>
              </variantTable>
            </entry>
          </entry>
          <entry>
            <entry class="com.threerings.projectx.item.config.VariantTableConfig$TableEntry">
              <variantTable>
                <name>Tagged Damage/Undead Damage</name>
              </variantTable>
            </entry>
          </entry>
        </entries>
        <selections>3</selections>
      </root>
    </implementation>
  </entry>
  <entry>
    <name>Shop/Parts/Helm</name>
    <parameters>
      <entry class="com.threerings.config.Parameter$Direct">
        <name>Results</name>
        <paths>implementation.root.selections, implementation.max_results</paths>
      </entry>
    </parameters>
    <implementation class="com.threerings.projectx.item.config.VariantTableConfig$Original">
      <root class="com.threerings.projectx.item.config.VariantTableConfig$SelectionEntry">
        <exclude>true</exclude>
        <entries>
          <entry>
            <entry class="com.threerings.projectx.item.config.VariantTableConfig$TableEntry">
              <variantTable>
                <name>Damage Type Defense/Elemental Defense</name>
              </variantTable>
            </entry>
          </entry>
          <entry>
            <entry class="com.threerings.projectx.item.config.VariantTableConfig$TableEntry">
              <variantTable>
                <name>Damage Type Defense/Normal Defense</name>
              </variantTable>
            </entry>
          </entry>
          <entry>
            <entry class="com.threerings.projectx.item.config.VariantTableConfig$TableEntry">
              <variantTable>
                <name>Damage Type Defense/Pierce Defense</name>
              </variantTable>
            </entry>
          </entry>
          <entry>
            <entry class="com.threerings.projectx.item.config.VariantTableConfig$TableEntry">
              <variantTable>
                <name>Damage Type Defense/Shadow Defense</name>
              </variantTable>
            </entry>
          </entry>
          <entry>
            <entry class="com.threerings.projectx.item.config.VariantTableConfig$TableEntry">
              <variantTable>
                <name>Status Resist/Curse Resist</name>
              </variantTable>
            </entry>
          </entry>
          <entry>
            <entry class="com.threerings.projectx.item.config.VariantTableConfig$TableEntry">
              <variantTable>
                <name>Status Resist/Fire Resist</name>
              </variantTable>
            </entry>
          </entry>
          <entry>
            <entry class="com.threerings.projectx.item.config.VariantTableConfig$TableEntry">
              <variantTable>
                <name>Status Resist/Freeze Resist</name>
              </variantTable>
            </entry>
          </entry>
          <entry>
            <entry class="com.threerings.projectx.item.config.VariantTableConfig$TableEntry">
              <variantTable>
                <name>Status Resist/Poison Resist</name>
              </variantTable>
            </entry>
          </entry>
          <entry>
            <entry class="com.threerings.projectx.item.config.VariantTableConfig$TableEntry">
              <variantTable>
                <name>Status Resist/Shock Resist</name>
              </variantTable>
            </entry>
          </entry>
          <entry>
            <entry class="com.threerings.projectx.item.config.VariantTableConfig$TableEntry">
              <variantTable>
                <name>Status Resist/Stun Resist</name>
              </variantTable>
            </entry>
          </entry>
        </entries>
        <selections>3</selections>
      </root>
    </implementation>
  </entry>
  <entry>
    <name>Shop/Parts/Shield</name>
    <parameters>
      <entry class="com.threerings.config.Parameter$Direct">
        <name>Results</name>
        <paths>implementation.max_results, implementation.root.selections</paths>
      </entry>
    </parameters>
    <implementation class="com.threerings.projectx.item.config.VariantTableConfig$Original">
      <root class="com.threerings.projectx.item.config.VariantTableConfig$SelectionEntry">
        <exclude>true</exclude>
        <entries>
          <entry>
            <entry class="com.threerings.projectx.item.config.VariantTableConfig$TableEntry">
              <variantTable>
                <name>Damage Type Defense/Elemental Defense</name>
              </variantTable>
            </entry>
          </entry>
          <entry>
            <entry class="com.threerings.projectx.item.config.VariantTableConfig$TableEntry">
              <variantTable>
                <name>Damage Type Defense/Normal Defense</name>
              </variantTable>
            </entry>
          </entry>
          <entry>
            <entry class="com.threerings.projectx.item.config.VariantTableConfig$TableEntry">
              <variantTable>
                <name>Damage Type Defense/Pierce Defense</name>
              </variantTable>
            </entry>
          </entry>
          <entry>
            <entry class="com.threerings.projectx.item.config.VariantTableConfig$TableEntry">
              <variantTable>
                <name>Damage Type Defense/Shadow Defense</name>
              </variantTable>
            </entry>
          </entry>
        </entries>
        <selections>3</selections>
      </root>
    </implementation>
  </entry>
  <entry>
    <name>Shop/Parts/Sword</name>
    <parameters>
      <entry class="com.threerings.config.Parameter$Direct">
        <name>Results</name>
        <paths>implementation.root.selections, implementation.max_results</paths>
      </entry>
    </parameters>
    <implementation class="com.threerings.projectx.item.config.VariantTableConfig$Original">
      <root class="com.threerings.projectx.item.config.VariantTableConfig$SelectionEntry">
        <exclude>true</exclude>
        <entries>
          <entry>
            <entry class="com.threerings.projectx.item.config.VariantTableConfig$TableEntry">
              <variantTable>
                <name>Weapon Speed/Attack Speed</name>
              </variantTable>
            </entry>
          </entry>
          <entry>
            <entry class="com.threerings.projectx.item.config.VariantTableConfig$TableEntry">
              <variantTable>
                <name>Weapon Speed/Charge Time</name>
              </variantTable>
            </entry>
          </entry>
          <entry>
            <entry class="com.threerings.projectx.item.config.VariantTableConfig$TableEntry">
              <variantTable>
                <name>Tagged Damage/Beast Damage</name>
              </variantTable>
            </entry>
          </entry>
          <entry>
            <entry class="com.threerings.projectx.item.config.VariantTableConfig$TableEntry">
              <variantTable>
                <name>Tagged Damage/Construct Damage</name>
              </variantTable>
            </entry>
          </entry>
          <entry>
            <entry class="com.threerings.projectx.item.config.VariantTableConfig$TableEntry">
              <variantTable>
                <name>Tagged Damage/Fiend Damage</name>
              </variantTable>
            </entry>
          </entry>
          <entry>
            <entry class="com.threerings.projectx.item.config.VariantTableConfig$TableEntry">
              <variantTable>
                <name>Tagged Damage/Gremlin Damage</name>
              </variantTable>
            </entry>
          </entry>
          <entry>
            <entry class="com.threerings.projectx.item.config.VariantTableConfig$TableEntry">
              <variantTable>
                <name>Tagged Damage/Slime Damage</name>
              </variantTable>
            </entry>
          </entry>
          <entry>
            <entry class="com.threerings.projectx.item.config.VariantTableConfig$TableEntry">
              <variantTable>
                <name>Tagged Damage/Undead Damage</name>
              </variantTable>
            </entry>
          </entry>
        </entries>
        <selections>3</selections>
      </root>
    </implementation>
  </entry>
  <entry>
    <name>Shop/Variant 1</name>
    <implementation class="com.threerings.projectx.item.config.VariantTableConfig$Derived">
      <variantTable>
        <name>Shop/Parts/Base</name>
        <arguments>
          <key class="java.lang.String">Max Results</key>
          <value class="java.lang.Integer">1</value>
        </arguments>
      </variantTable>
    </implementation>
  </entry>
  <entry>
    <name>Shop/Variant 2</name>
    <implementation class="com.threerings.projectx.item.config.VariantTableConfig$Derived">
      <variantTable>
        <name>Shop/Parts/Base</name>
        <arguments>
          <key class="java.lang.String">Max Results</key>
          <value class="java.lang.Integer">2</value>
        </arguments>
      </variantTable>
    </implementation>
  </entry>
  <entry>
    <name>Shop/Variant 3</name>
    <implementation class="com.threerings.projectx.item.config.VariantTableConfig$Derived">
      <variantTable>
        <name>Shop/Parts/Base</name>
        <arguments>
          <key class="java.lang.String">Max Results</key>
          <value class="java.lang.Integer">3</value>
        </arguments>
      </variantTable>
    </implementation>
  </entry>
  <entry>
    <name>Sprite/Evo 1</name>
    <implementation class="com.threerings.projectx.item.config.VariantTableConfig$Original">
      <maxResults>1</maxResults>
      <root class="com.threerings.projectx.item.config.VariantTableConfig$TableEntry">
        <variantTable>
          <name>Sprite/Parts/Base 1</name>
        </variantTable>
      </root>
    </implementation>
  </entry>
  <entry>
    <name>Sprite/Evo 2</name>
    <implementation class="com.threerings.projectx.item.config.VariantTableConfig$Original">
      <maxResults>1</maxResults>
      <root class="com.threerings.projectx.item.config.VariantTableConfig$RandomEntry">
        <entries>
          <entry>
            <weight>70.0</weight>
            <entry class="com.threerings.projectx.item.config.VariantTableConfig$TableEntry">
              <variantTable>
                <name>Sprite/Parts/Base 1</name>
              </variantTable>
            </entry>
          </entry>
          <entry>
            <weight>30.0</weight>
            <entry class="com.threerings.projectx.item.config.VariantTableConfig$TableEntry">
              <variantTable>
                <name>Sprite/Parts/Base 2</name>
              </variantTable>
            </entry>
          </entry>
        </entries>
      </root>
    </implementation>
  </entry>
  <entry>
    <name>Sprite/Evo 3</name>
    <implementation class="com.threerings.projectx.item.config.VariantTableConfig$Original">
      <maxResults>1</maxResults>
      <root class="com.threerings.projectx.item.config.VariantTableConfig$RandomEntry">
        <entries>
          <entry>
            <weight>80.0</weight>
            <entry class="com.threerings.projectx.item.config.VariantTableConfig$TableEntry">
              <variantTable>
                <name>Sprite/Parts/Base 2</name>
              </variantTable>
            </entry>
          </entry>
          <entry>
            <weight>20.0</weight>
            <entry class="com.threerings.projectx.item.config.VariantTableConfig$TableEntry">
              <variantTable>
                <name>Sprite/Parts/Base 3</name>
              </variantTable>
            </entry>
          </entry>
        </entries>
      </root>
    </implementation>
  </entry>
  <entry>
    <name>Sprite/Parts/Base 1</name>
    <implementation class="com.threerings.projectx.item.config.VariantTableConfig$Original">
      <maxResults>1</maxResults>
      <root class="com.threerings.projectx.item.config.VariantTableConfig$CompoundEntry">
        <entries>
          <entry class="com.threerings.projectx.item.config.VariantTableConfig$VariantEntry">
            <variant>
              <name>Sprite/Health +2</name>
            </variant>
          </entry>
          <entry class="com.threerings.projectx.item.config.VariantTableConfig$VariantEntry">
            <variant>
              <name>Sprite/Def Elemental Low</name>
            </variant>
          </entry>
          <entry class="com.threerings.projectx.item.config.VariantTableConfig$VariantEntry">
            <variant>
              <name>Sprite/Def Normal Low</name>
            </variant>
          </entry>
          <entry class="com.threerings.projectx.item.config.VariantTableConfig$VariantEntry">
            <variant>
              <name>Sprite/Def Piercing Low</name>
            </variant>
          </entry>
          <entry class="com.threerings.projectx.item.config.VariantTableConfig$VariantEntry">
            <variant>
              <name>Sprite/Def Shadow Low</name>
            </variant>
          </entry>
          <entry class="com.threerings.projectx.item.config.VariantTableConfig$VariantEntry">
            <variant>
              <name>Sprite/Res Curse Low</name>
            </variant>
          </entry>
          <entry class="com.threerings.projectx.item.config.VariantTableConfig$VariantEntry">
            <variant>
              <name>Sprite/Res Fire Low</name>
            </variant>
          </entry>
          <entry class="com.threerings.projectx.item.config.VariantTableConfig$VariantEntry">
            <variant>
              <name>Sprite/Res Freeze Low</name>
            </variant>
          </entry>
          <entry class="com.threerings.projectx.item.config.VariantTableConfig$VariantEntry">
            <variant>
              <name>Sprite/Res Poison Low</name>
            </variant>
          </entry>
          <entry class="com.threerings.projectx.item.config.VariantTableConfig$VariantEntry">
            <variant>
              <name>Sprite/Res Shock Low</name>
            </variant>
          </entry>
          <entry class="com.threerings.projectx.item.config.VariantTableConfig$VariantEntry">
            <variant>
              <name>Sprite/Res Stun Low</name>
            </variant>
          </entry>
        </entries>
      </root>
    </implementation>
  </entry>
  <entry>
    <name>Sprite/Parts/Base 2</name>
    <implementation class="com.threerings.projectx.item.config.VariantTableConfig$Original">
      <maxResults>1</maxResults>
      <root class="com.threerings.projectx.item.config.VariantTableConfig$CompoundEntry">
        <entries>
          <entry class="com.threerings.projectx.item.config.VariantTableConfig$VariantEntry">
            <variant>
              <name>Sprite/Health +4</name>
            </variant>
          </entry>
          <entry class="com.threerings.projectx.item.config.VariantTableConfig$VariantEntry">
            <variant>
              <name>Sprite/Def Elemental Med</name>
            </variant>
          </entry>
          <entry class="com.threerings.projectx.item.config.VariantTableConfig$VariantEntry">
            <variant>
              <name>Sprite/Def Normal Med</name>
            </variant>
          </entry>
          <entry class="com.threerings.projectx.item.config.VariantTableConfig$VariantEntry">
            <variant>
              <name>Sprite/Def Piercing Med</name>
            </variant>
          </entry>
          <entry class="com.threerings.projectx.item.config.VariantTableConfig$VariantEntry">
            <variant>
              <name>Sprite/Def Shadow Med</name>
            </variant>
          </entry>
          <entry class="com.threerings.projectx.item.config.VariantTableConfig$VariantEntry">
            <variant>
              <name>Sprite/Res Curse Med</name>
            </variant>
          </entry>
          <entry class="com.threerings.projectx.item.config.VariantTableConfig$VariantEntry">
            <variant>
              <name>Sprite/Res Fire Med</name>
            </variant>
          </entry>
          <entry class="com.threerings.projectx.item.config.VariantTableConfig$VariantEntry">
            <variant>
              <name>Sprite/Res Freeze Med</name>
            </variant>
          </entry>
          <entry class="com.threerings.projectx.item.config.VariantTableConfig$VariantEntry">
            <variant>
              <name>Sprite/Res Poison Med</name>
            </variant>
          </entry>
          <entry class="com.threerings.projectx.item.config.VariantTableConfig$VariantEntry">
            <variant>
              <name>Sprite/Res Shock Med</name>
            </variant>
          </entry>
          <entry class="com.threerings.projectx.item.config.VariantTableConfig$VariantEntry">
            <variant>
              <name>Sprite/Res Stun Med</name>
            </variant>
          </entry>
          <entry class="com.threerings.projectx.item.config.VariantTableConfig$VariantEntry">
            <variant>
              <name>Sprite/Sword Charge Low</name>
            </variant>
          </entry>
          <entry class="com.threerings.projectx.item.config.VariantTableConfig$VariantEntry">
            <variant>
              <name>Sprite/Sword Damage Low</name>
            </variant>
          </entry>
          <entry class="com.threerings.projectx.item.config.VariantTableConfig$VariantEntry">
            <variant>
              <name>Sprite/Sword Speed Low</name>
            </variant>
          </entry>
          <entry class="com.threerings.projectx.item.config.VariantTableConfig$VariantEntry">
            <variant>
              <name>Sprite/Bomb Charge Low</name>
            </variant>
          </entry>
          <entry class="com.threerings.projectx.item.config.VariantTableConfig$VariantEntry">
            <variant>
              <name>Sprite/Bomb Damage Low</name>
            </variant>
          </entry>
          <entry class="com.threerings.projectx.item.config.VariantTableConfig$VariantEntry">
            <variant>
              <name>Sprite/Handgun Charge Low</name>
            </variant>
          </entry>
          <entry class="com.threerings.projectx.item.config.VariantTableConfig$VariantEntry">
            <variant>
              <name>Sprite/Handgun Damage Low</name>
            </variant>
          </entry>
          <entry class="com.threerings.projectx.item.config.VariantTableConfig$VariantEntry">
            <variant>
              <name>Sprite/Handgun Speed Low</name>
            </variant>
          </entry>
          <entry class="com.threerings.projectx.item.config.VariantTableConfig$VariantEntry">
            <variant>
              <name>Sprite/Move Speed Low</name>
            </variant>
          </entry>
        </entries>
      </root>
    </implementation>
  </entry>
  <entry>
    <name>Sprite/Parts/Base 3</name>
    <implementation class="com.threerings.projectx.item.config.VariantTableConfig$Original">
      <maxResults>1</maxResults>
      <root class="com.threerings.projectx.item.config.VariantTableConfig$CompoundEntry">
        <entries>
          <entry class="com.threerings.projectx.item.config.VariantTableConfig$VariantEntry">
            <variant>
              <name>Sprite/Health +6</name>
            </variant>
          </entry>
          <entry class="com.threerings.projectx.item.config.VariantTableConfig$VariantEntry">
            <variant>
              <name>Sprite/Def Elemental High</name>
            </variant>
          </entry>
          <entry class="com.threerings.projectx.item.config.VariantTableConfig$VariantEntry">
            <variant>
              <name>Sprite/Def Normal High</name>
            </variant>
          </entry>
          <entry class="com.threerings.projectx.item.config.VariantTableConfig$VariantEntry">
            <variant>
              <name>Sprite/Def Piercing High</name>
            </variant>
          </entry>
          <entry class="com.threerings.projectx.item.config.VariantTableConfig$VariantEntry">
            <variant>
              <name>Sprite/Def Shadow High</name>
            </variant>
          </entry>
          <entry class="com.threerings.projectx.item.config.VariantTableConfig$VariantEntry">
            <variant>
              <name>Sprite/Res Curse High</name>
            </variant>
          </entry>
          <entry class="com.threerings.projectx.item.config.VariantTableConfig$VariantEntry">
            <variant>
              <name>Sprite/Res Fire High</name>
            </variant>
          </entry>
          <entry class="com.threerings.projectx.item.config.VariantTableConfig$VariantEntry">
            <variant>
              <name>Sprite/Res Freeze High</name>
            </variant>
          </entry>
          <entry class="com.threerings.projectx.item.config.VariantTableConfig$VariantEntry">
            <variant>
              <name>Sprite/Res Poison High</name>
            </variant>
          </entry>
          <entry class="com.threerings.projectx.item.config.VariantTableConfig$VariantEntry">
            <variant>
              <name>Sprite/Res Shock High</name>
            </variant>
          </entry>
          <entry class="com.threerings.projectx.item.config.VariantTableConfig$VariantEntry">
            <variant>
              <name>Sprite/Res Stun High</name>
            </variant>
          </entry>
          <entry class="com.threerings.projectx.item.config.VariantTableConfig$VariantEntry">
            <variant>
              <name>Sprite/Sword Charge Med</name>
            </variant>
          </entry>
          <entry class="com.threerings.projectx.item.config.VariantTableConfig$VariantEntry">
            <variant>
              <name>Sprite/Sword Damage Med</name>
            </variant>
          </entry>
          <entry class="com.threerings.projectx.item.config.VariantTableConfig$VariantEntry">
            <variant>
              <name>Sprite/Sword Speed Med</name>
            </variant>
          </entry>
          <entry class="com.threerings.projectx.item.config.VariantTableConfig$VariantEntry">
            <variant>
              <name>Sprite/Bomb Charge Med</name>
            </variant>
          </entry>
          <entry class="com.threerings.projectx.item.config.VariantTableConfig$VariantEntry">
            <variant>
              <name>Sprite/Bomb Damage Med</name>
            </variant>
          </entry>
          <entry class="com.threerings.projectx.item.config.VariantTableConfig$VariantEntry">
            <variant>
              <name>Sprite/Handgun Charge Med</name>
            </variant>
          </entry>
          <entry class="com.threerings.projectx.item.config.VariantTableConfig$VariantEntry">
            <variant>
              <name>Sprite/Handgun Damage Med</name>
            </variant>
          </entry>
          <entry class="com.threerings.projectx.item.config.VariantTableConfig$VariantEntry">
            <variant>
              <name>Sprite/Handgun Speed Med</name>
            </variant>
          </entry>
          <entry class="com.threerings.projectx.item.config.VariantTableConfig$VariantEntry">
            <variant>
              <name>Sprite/Move Speed Med</name>
            </variant>
          </entry>
        </entries>
      </root>
    </implementation>
  </entry>
  <entry>
    <name>Status Resist/Curse Resist</name>
    <implementation class="com.threerings.projectx.item.config.VariantTableConfig$Original">
      <maxResults>1</maxResults>
      <root class="com.threerings.projectx.item.config.VariantTableConfig$RandomEntry">
        <entries>
          <entry>
            <weight>15.0</weight>
            <entry class="com.threerings.projectx.item.config.VariantTableConfig$VariantEntry">
              <variant>
                <name>Gear/Curse Resist 1</name>
              </variant>
            </entry>
          </entry>
          <entry>
            <weight>4.0</weight>
            <entry class="com.threerings.projectx.item.config.VariantTableConfig$VariantEntry">
              <variant>
                <name>Gear/Curse Resist 2</name>
              </variant>
            </entry>
          </entry>
          <entry>
            <entry class="com.threerings.projectx.item.config.VariantTableConfig$VariantEntry">
              <variant>
                <name>Gear/Curse Resist 3</name>
              </variant>
            </entry>
          </entry>
          <entry>
            <weight>0.5</weight>
            <entry class="com.threerings.projectx.item.config.VariantTableConfig$VariantEntry">
              <variant>
                <name>Gear/Curse Resist 4</name>
              </variant>
            </entry>
          </entry>
        </entries>
      </root>
    </implementation>
  </entry>
  <entry>
    <name>Status Resist/Fire Resist</name>
    <implementation class="com.threerings.projectx.item.config.VariantTableConfig$Original">
      <maxResults>1</maxResults>
      <root class="com.threerings.projectx.item.config.VariantTableConfig$RandomEntry">
        <entries>
          <entry>
            <weight>15.0</weight>
            <entry class="com.threerings.projectx.item.config.VariantTableConfig$VariantEntry">
              <variant>
                <name>Gear/Fire Resist 1</name>
              </variant>
            </entry>
          </entry>
          <entry>
            <weight>4.0</weight>
            <entry class="com.threerings.projectx.item.config.VariantTableConfig$VariantEntry">
              <variant>
                <name>Gear/Fire Resist 2</name>
              </variant>
            </entry>
          </entry>
          <entry>
            <entry class="com.threerings.projectx.item.config.VariantTableConfig$VariantEntry">
              <variant>
                <name>Gear/Fire Resist 3</name>
              </variant>
            </entry>
          </entry>
          <entry>
            <weight>0.5</weight>
            <entry class="com.threerings.projectx.item.config.VariantTableConfig$VariantEntry">
              <variant>
                <name>Gear/Fire Resist 4</name>
              </variant>
            </entry>
          </entry>
        </entries>
      </root>
    </implementation>
  </entry>
  <entry>
    <name>Status Resist/Freeze Resist</name>
    <implementation class="com.threerings.projectx.item.config.VariantTableConfig$Original">
      <maxResults>1</maxResults>
      <root class="com.threerings.projectx.item.config.VariantTableConfig$RandomEntry">
        <entries>
          <entry>
            <weight>15.0</weight>
            <entry class="com.threerings.projectx.item.config.VariantTableConfig$VariantEntry">
              <variant>
                <name>Gear/Freeze Resist 1</name>
              </variant>
            </entry>
          </entry>
          <entry>
            <weight>4.0</weight>
            <entry class="com.threerings.projectx.item.config.VariantTableConfig$VariantEntry">
              <variant>
                <name>Gear/Freeze Resist 2</name>
              </variant>
            </entry>
          </entry>
          <entry>
            <entry class="com.threerings.projectx.item.config.VariantTableConfig$VariantEntry">
              <variant>
                <name>Gear/Freeze Resist 3</name>
              </variant>
            </entry>
          </entry>
          <entry>
            <weight>0.5</weight>
            <entry class="com.threerings.projectx.item.config.VariantTableConfig$VariantEntry">
              <variant>
                <name>Gear/Freeze Resist 4</name>
              </variant>
            </entry>
          </entry>
        </entries>
      </root>
    </implementation>
  </entry>
  <entry>
    <name>Status Resist/Poison Resist</name>
    <implementation class="com.threerings.projectx.item.config.VariantTableConfig$Original">
      <maxResults>1</maxResults>
      <root class="com.threerings.projectx.item.config.VariantTableConfig$RandomEntry">
        <entries>
          <entry>
            <weight>15.0</weight>
            <entry class="com.threerings.projectx.item.config.VariantTableConfig$VariantEntry">
              <variant>
                <name>Gear/Poison Resist 1</name>
              </variant>
            </entry>
          </entry>
          <entry>
            <weight>4.0</weight>
            <entry class="com.threerings.projectx.item.config.VariantTableConfig$VariantEntry">
              <variant>
                <name>Gear/Poison Resist 2</name>
              </variant>
            </entry>
          </entry>
          <entry>
            <entry class="com.threerings.projectx.item.config.VariantTableConfig$VariantEntry">
              <variant>
                <name>Gear/Poison Resist 3</name>
              </variant>
            </entry>
          </entry>
          <entry>
            <weight>0.5</weight>
            <entry class="com.threerings.projectx.item.config.VariantTableConfig$VariantEntry">
              <variant>
                <name>Gear/Poison Resist 4</name>
              </variant>
            </entry>
          </entry>
        </entries>
      </root>
    </implementation>
  </entry>
  <entry>
    <name>Status Resist/Shock Resist</name>
    <implementation class="com.threerings.projectx.item.config.VariantTableConfig$Original">
      <maxResults>1</maxResults>
      <root class="com.threerings.projectx.item.config.VariantTableConfig$RandomEntry">
        <entries>
          <entry>
            <weight>15.0</weight>
            <entry class="com.threerings.projectx.item.config.VariantTableConfig$VariantEntry">
              <variant>
                <name>Gear/Shock Resist 1</name>
              </variant>
            </entry>
          </entry>
          <entry>
            <weight>4.0</weight>
            <entry class="com.threerings.projectx.item.config.VariantTableConfig$VariantEntry">
              <variant>
                <name>Gear/Shock Resist 2</name>
              </variant>
            </entry>
          </entry>
          <entry>
            <entry class="com.threerings.projectx.item.config.VariantTableConfig$VariantEntry">
              <variant>
                <name>Gear/Shock Resist 3</name>
              </variant>
            </entry>
          </entry>
          <entry>
            <weight>0.5</weight>
            <entry class="com.threerings.projectx.item.config.VariantTableConfig$VariantEntry">
              <variant>
                <name>Gear/Shock Resist 4</name>
              </variant>
            </entry>
          </entry>
        </entries>
      </root>
    </implementation>
  </entry>
  <entry>
    <name>Status Resist/Sleep Resist</name>
    <implementation class="com.threerings.projectx.item.config.VariantTableConfig$Original">
      <maxResults>1</maxResults>
      <root class="com.threerings.projectx.item.config.VariantTableConfig$RandomEntry">
        <entries>
          <entry>
            <weight>15.0</weight>
            <entry class="com.threerings.projectx.item.config.VariantTableConfig$VariantEntry">
              <variant>
                <name>Gear/Sleep Resist 1</name>
              </variant>
            </entry>
          </entry>
          <entry>
            <weight>4.0</weight>
            <entry class="com.threerings.projectx.item.config.VariantTableConfig$VariantEntry">
              <variant>
                <name>Gear/Sleep Resist 2</name>
              </variant>
            </entry>
          </entry>
          <entry>
            <entry class="com.threerings.projectx.item.config.VariantTableConfig$VariantEntry">
              <variant>
                <name>Gear/Sleep Resist 3</name>
              </variant>
            </entry>
          </entry>
          <entry>
            <weight>0.5</weight>
            <entry class="com.threerings.projectx.item.config.VariantTableConfig$VariantEntry">
              <variant>
                <name>Gear/Sleep Resist 4</name>
              </variant>
            </entry>
          </entry>
        </entries>
      </root>
    </implementation>
  </entry>
  <entry>
    <name>Status Resist/Stun Resist</name>
    <implementation class="com.threerings.projectx.item.config.VariantTableConfig$Original">
      <maxResults>1</maxResults>
      <root class="com.threerings.projectx.item.config.VariantTableConfig$RandomEntry">
        <entries>
          <entry>
            <weight>15.0</weight>
            <entry class="com.threerings.projectx.item.config.VariantTableConfig$VariantEntry">
              <variant>
                <name>Gear/Stun Resist 1</name>
              </variant>
            </entry>
          </entry>
          <entry>
            <weight>4.0</weight>
            <entry class="com.threerings.projectx.item.config.VariantTableConfig$VariantEntry">
              <variant>
                <name>Gear/Stun Resist 2</name>
              </variant>
            </entry>
          </entry>
          <entry>
            <entry class="com.threerings.projectx.item.config.VariantTableConfig$VariantEntry">
              <variant>
                <name>Gear/Stun Resist 3</name>
              </variant>
            </entry>
          </entry>
          <entry>
            <weight>0.5</weight>
            <entry class="com.threerings.projectx.item.config.VariantTableConfig$VariantEntry">
              <variant>
                <name>Gear/Stun Resist 4</name>
              </variant>
            </entry>
          </entry>
        </entries>
      </root>
    </implementation>
  </entry>
  <entry>
    <name>Tagged Damage/Beast Damage</name>
    <implementation class="com.threerings.projectx.item.config.VariantTableConfig$Original">
      <maxResults>1</maxResults>
      <root class="com.threerings.projectx.item.config.VariantTableConfig$RandomEntry">
        <entries>
          <entry>
            <weight>15.0</weight>
            <entry class="com.threerings.projectx.item.config.VariantTableConfig$VariantEntry">
              <variant>
                <name>Weapon/Beast Damage 1</name>
              </variant>
            </entry>
          </entry>
          <entry>
            <weight>4.0</weight>
            <entry class="com.threerings.projectx.item.config.VariantTableConfig$VariantEntry">
              <variant>
                <name>Weapon/Beast Damage 2</name>
              </variant>
            </entry>
          </entry>
          <entry>
            <entry class="com.threerings.projectx.item.config.VariantTableConfig$VariantEntry">
              <variant>
                <name>Weapon/Beast Damage 3</name>
              </variant>
            </entry>
          </entry>
          <entry>
            <weight>0.5</weight>
            <entry class="com.threerings.projectx.item.config.VariantTableConfig$VariantEntry">
              <variant>
                <name>Weapon/Beast Damage 4</name>
              </variant>
            </entry>
          </entry>
        </entries>
      </root>
    </implementation>
  </entry>
  <entry>
    <name>Tagged Damage/Construct Damage</name>
    <implementation class="com.threerings.projectx.item.config.VariantTableConfig$Original">
      <maxResults>1</maxResults>
      <root class="com.threerings.projectx.item.config.VariantTableConfig$RandomEntry">
        <entries>
          <entry>
            <weight>15.0</weight>
            <entry class="com.threerings.projectx.item.config.VariantTableConfig$VariantEntry">
              <variant>
                <name>Weapon/Construct Damage 1</name>
              </variant>
            </entry>
          </entry>
          <entry>
            <weight>4.0</weight>
            <entry class="com.threerings.projectx.item.config.VariantTableConfig$VariantEntry">
              <variant>
                <name>Weapon/Construct Damage 2</name>
              </variant>
            </entry>
          </entry>
          <entry>
            <entry class="com.threerings.projectx.item.config.VariantTableConfig$VariantEntry">
              <variant>
                <name>Weapon/Construct Damage 3</name>
              </variant>
            </entry>
          </entry>
          <entry>
            <weight>0.5</weight>
            <entry class="com.threerings.projectx.item.config.VariantTableConfig$VariantEntry">
              <variant>
                <name>Weapon/Construct Damage 4</name>
              </variant>
            </entry>
          </entry>
        </entries>
      </root>
    </implementation>
  </entry>
  <entry>
    <name>Tagged Damage/Fiend Damage</name>
    <implementation class="com.threerings.projectx.item.config.VariantTableConfig$Original">
      <maxResults>1</maxResults>
      <root class="com.threerings.projectx.item.config.VariantTableConfig$RandomEntry">
        <entries>
          <entry>
            <weight>15.0</weight>
            <entry class="com.threerings.projectx.item.config.VariantTableConfig$VariantEntry">
              <variant>
                <name>Weapon/Fiend Damage 1</name>
              </variant>
            </entry>
          </entry>
          <entry>
            <weight>4.0</weight>
            <entry class="com.threerings.projectx.item.config.VariantTableConfig$VariantEntry">
              <variant>
                <name>Weapon/Fiend Damage 2</name>
              </variant>
            </entry>
          </entry>
          <entry>
            <entry class="com.threerings.projectx.item.config.VariantTableConfig$VariantEntry">
              <variant>
                <name>Weapon/Fiend Damage 3</name>
              </variant>
            </entry>
          </entry>
          <entry>
            <weight>0.5</weight>
            <entry class="com.threerings.projectx.item.config.VariantTableConfig$VariantEntry">
              <variant>
                <name>Weapon/Fiend Damage 4</name>
              </variant>
            </entry>
          </entry>
        </entries>
      </root>
    </implementation>
  </entry>
  <entry>
    <name>Tagged Damage/Gremlin Damage</name>
    <implementation class="com.threerings.projectx.item.config.VariantTableConfig$Original">
      <maxResults>1</maxResults>
      <root class="com.threerings.projectx.item.config.VariantTableConfig$RandomEntry">
        <entries>
          <entry>
            <weight>15.0</weight>
            <entry class="com.threerings.projectx.item.config.VariantTableConfig$VariantEntry">
              <variant>
                <name>Weapon/Gremlin Damage 1</name>
              </variant>
            </entry>
          </entry>
          <entry>
            <weight>4.0</weight>
            <entry class="com.threerings.projectx.item.config.VariantTableConfig$VariantEntry">
              <variant>
                <name>Weapon/Gremlin Damage 2</name>
              </variant>
            </entry>
          </entry>
          <entry>
            <entry class="com.threerings.projectx.item.config.VariantTableConfig$VariantEntry">
              <variant>
                <name>Weapon/Gremlin Damage 3</name>
              </variant>
            </entry>
          </entry>
          <entry>
            <weight>0.5</weight>
            <entry class="com.threerings.projectx.item.config.VariantTableConfig$VariantEntry">
              <variant>
                <name>Weapon/Gremlin Damage 4</name>
              </variant>
            </entry>
          </entry>
        </entries>
      </root>
    </implementation>
  </entry>
  <entry>
    <name>Tagged Damage/Slime Damage</name>
    <implementation class="com.threerings.projectx.item.config.VariantTableConfig$Original">
      <maxResults>1</maxResults>
      <root class="com.threerings.projectx.item.config.VariantTableConfig$RandomEntry">
        <entries>
          <entry>
            <weight>15.0</weight>
            <entry class="com.threerings.projectx.item.config.VariantTableConfig$VariantEntry">
              <variant>
                <name>Weapon/Slime Damage 1</name>
              </variant>
            </entry>
          </entry>
          <entry>
            <weight>4.0</weight>
            <entry class="com.threerings.projectx.item.config.VariantTableConfig$VariantEntry">
              <variant>
                <name>Weapon/Slime Damage 2</name>
              </variant>
            </entry>
          </entry>
          <entry>
            <entry class="com.threerings.projectx.item.config.VariantTableConfig$VariantEntry">
              <variant>
                <name>Weapon/Slime Damage 3</name>
              </variant>
            </entry>
          </entry>
          <entry>
            <weight>0.5</weight>
            <entry class="com.threerings.projectx.item.config.VariantTableConfig$VariantEntry">
              <variant>
                <name>Weapon/Slime Damage 4</name>
              </variant>
            </entry>
          </entry>
        </entries>
      </root>
    </implementation>
  </entry>
  <entry>
    <name>Tagged Damage/Undead Damage</name>
    <implementation class="com.threerings.projectx.item.config.VariantTableConfig$Original">
      <maxResults>1</maxResults>
      <root class="com.threerings.projectx.item.config.VariantTableConfig$RandomEntry">
        <entries>
          <entry>
            <weight>15.0</weight>
            <entry class="com.threerings.projectx.item.config.VariantTableConfig$VariantEntry">
              <variant>
                <name>Weapon/Undead Damage 1</name>
              </variant>
            </entry>
          </entry>
          <entry>
            <weight>4.0</weight>
            <entry class="com.threerings.projectx.item.config.VariantTableConfig$VariantEntry">
              <variant>
                <name>Weapon/Undead Damage 2</name>
              </variant>
            </entry>
          </entry>
          <entry>
            <entry class="com.threerings.projectx.item.config.VariantTableConfig$VariantEntry">
              <variant>
                <name>Weapon/Undead Damage 3</name>
              </variant>
            </entry>
          </entry>
          <entry>
            <weight>0.5</weight>
            <entry class="com.threerings.projectx.item.config.VariantTableConfig$VariantEntry">
              <variant>
                <name>Weapon/Undead Damage 4</name>
              </variant>
            </entry>
          </entry>
        </entries>
      </root>
    </implementation>
  </entry>
  <entry>
    <name>Weapon Speed/Attack Speed</name>
    <implementation class="com.threerings.projectx.item.config.VariantTableConfig$Original">
      <maxResults>1</maxResults>
      <root class="com.threerings.projectx.item.config.VariantTableConfig$RandomEntry">
        <entries>
          <entry>
            <weight>15.0</weight>
            <entry class="com.threerings.projectx.item.config.VariantTableConfig$VariantEntry">
              <variant>
                <name>Weapon/Attack Speed 1</name>
              </variant>
            </entry>
          </entry>
          <entry>
            <weight>4.0</weight>
            <entry class="com.threerings.projectx.item.config.VariantTableConfig$VariantEntry">
              <variant>
                <name>Weapon/Attack Speed 2</name>
              </variant>
            </entry>
          </entry>
          <entry>
            <entry class="com.threerings.projectx.item.config.VariantTableConfig$VariantEntry">
              <variant>
                <name>Weapon/Attack Speed 3</name>
              </variant>
            </entry>
          </entry>
          <entry>
            <weight>0.5</weight>
            <entry class="com.threerings.projectx.item.config.VariantTableConfig$VariantEntry">
              <variant>
                <name>Weapon/Attack Speed 4</name>
              </variant>
            </entry>
          </entry>
        </entries>
      </root>
    </implementation>
  </entry>
  <entry>
    <name>Weapon Speed/Charge Time</name>
    <implementation class="com.threerings.projectx.item.config.VariantTableConfig$Original">
      <maxResults>1</maxResults>
      <root class="com.threerings.projectx.item.config.VariantTableConfig$RandomEntry">
        <entries>
          <entry>
            <weight>15.0</weight>
            <entry class="com.threerings.projectx.item.config.VariantTableConfig$VariantEntry">
              <variant>
                <name>Weapon/Charge Time 1</name>
              </variant>
            </entry>
          </entry>
          <entry>
            <weight>4.0</weight>
            <entry class="com.threerings.projectx.item.config.VariantTableConfig$VariantEntry">
              <variant>
                <name>Weapon/Charge Time 2</name>
              </variant>
            </entry>
          </entry>
          <entry>
            <entry class="com.threerings.projectx.item.config.VariantTableConfig$VariantEntry">
              <variant>
                <name>Weapon/Charge Time 3</name>
              </variant>
            </entry>
          </entry>
          <entry>
            <weight>0.5</weight>
            <entry class="com.threerings.projectx.item.config.VariantTableConfig$VariantEntry">
              <variant>
                <name>Weapon/Charge Time 4</name>
              </variant>
            </entry>
          </entry>
        </entries>
      </root>
    </implementation>
  </entry>
</object>
</java>
