<?xml version="1.0" encoding="UTF-8"?>
<java class="com.threerings.export.XMLImporter" version="1.0">
<object class="[Lcom.threerings.projectx.item.config.VariantConfig;">
  <entry>
    <name>Gear/Curse Resist 1</name>
    <implementation class="com.threerings.projectx.item.config.VariantConfig$StatusResist">
      <conditionMask>32</conditionMask>
      <resist>5</resist>
      <statusResist>LOW</statusResist>
    </implementation>
  </entry>
  <entry>
    <name>Gear/Curse Resist 2</name>
    <implementation class="com.threerings.projectx.item.config.VariantConfig$StatusResist">
      <conditionMask>32</conditionMask>
      <resist>10</resist>
      <statusResist>MEDIUM</statusResist>
    </implementation>
  </entry>
  <entry>
    <name>Gear/Curse Resist 3</name>
    <implementation class="com.threerings.projectx.item.config.VariantConfig$StatusResist">
      <conditionMask>32</conditionMask>
      <resist>15</resist>
      <statusResist>HIGH</statusResist>
    </implementation>
  </entry>
  <entry>
    <name>Gear/Curse Resist 4</name>
    <implementation class="com.threerings.projectx.item.config.VariantConfig$StatusResist">
      <conditionMask>32</conditionMask>
      <resist>25</resist>
      <statusResist>MAXIMUM</statusResist>
    </implementation>
  </entry>
  <entry>
    <name>Gear/Elemental Defense 1</name>
    <implementation class="com.threerings.projectx.item.config.VariantConfig$DefenseTypeBonus">
      <amount>5</amount>
      <depthScale>
        <name>PC/Defense/Variant/Variant Base</name>
      </depthScale>
      <type>ELEMENTAL</type>
    </implementation>
  </entry>
  <entry>
    <name>Gear/Elemental Defense 2</name>
    <implementation class="com.threerings.projectx.item.config.VariantConfig$DefenseTypeBonus">
      <amount>10</amount>
      <depthScale>
        <name>PC/Defense/Variant/Variant Base +05</name>
      </depthScale>
      <type>ELEMENTAL</type>
      <bonus>MEDIUM</bonus>
    </implementation>
  </entry>
  <entry>
    <name>Gear/Elemental Defense 3</name>
    <implementation class="com.threerings.projectx.item.config.VariantConfig$DefenseTypeBonus">
      <amount>15</amount>
      <depthScale>
        <name>PC/Defense/Variant/Variant Base +10</name>
      </depthScale>
      <type>ELEMENTAL</type>
      <bonus>HIGH</bonus>
    </implementation>
  </entry>
  <entry>
    <name>Gear/Elemental Defense 4</name>
    <implementation class="com.threerings.projectx.item.config.VariantConfig$DefenseTypeBonus">
      <amount>25</amount>
      <depthScale>
        <name>PC/Defense/Variant/Variant Base +15</name>
      </depthScale>
      <type>ELEMENTAL</type>
      <bonus>MAXIMUM</bonus>
    </implementation>
  </entry>
  <entry>
    <name>Gear/Fire Resist 1</name>
    <implementation class="com.threerings.projectx.item.config.VariantConfig$StatusResist">
      <conditionMask>4</conditionMask>
      <resist>5</resist>
      <statusResist>LOW</statusResist>
    </implementation>
  </entry>
  <entry>
    <name>Gear/Fire Resist 2</name>
    <implementation class="com.threerings.projectx.item.config.VariantConfig$StatusResist">
      <conditionMask>4</conditionMask>
      <resist>10</resist>
      <statusResist>MEDIUM</statusResist>
    </implementation>
  </entry>
  <entry>
    <name>Gear/Fire Resist 3</name>
    <implementation class="com.threerings.projectx.item.config.VariantConfig$StatusResist">
      <conditionMask>4</conditionMask>
      <resist>15</resist>
      <statusResist>HIGH</statusResist>
    </implementation>
  </entry>
  <entry>
    <name>Gear/Fire Resist 4</name>
    <implementation class="com.threerings.projectx.item.config.VariantConfig$StatusResist">
      <conditionMask>4</conditionMask>
      <resist>25</resist>
      <statusResist>MAXIMUM</statusResist>
    </implementation>
  </entry>
  <entry>
    <name>Gear/Freeze Resist 1</name>
    <implementation class="com.threerings.projectx.item.config.VariantConfig$StatusResist">
      <conditionMask>8</conditionMask>
      <resist>5</resist>
      <statusResist>LOW</statusResist>
    </implementation>
  </entry>
  <entry>
    <name>Gear/Freeze Resist 2</name>
    <implementation class="com.threerings.projectx.item.config.VariantConfig$StatusResist">
      <conditionMask>8</conditionMask>
      <resist>10</resist>
      <statusResist>MEDIUM</statusResist>
    </implementation>
  </entry>
  <entry>
    <name>Gear/Freeze Resist 3</name>
    <implementation class="com.threerings.projectx.item.config.VariantConfig$StatusResist">
      <conditionMask>8</conditionMask>
      <resist>15</resist>
      <statusResist>HIGH</statusResist>
    </implementation>
  </entry>
  <entry>
    <name>Gear/Freeze Resist 4</name>
    <implementation class="com.threerings.projectx.item.config.VariantConfig$StatusResist">
      <conditionMask>8</conditionMask>
      <resist>25</resist>
      <statusResist>MAXIMUM</statusResist>
    </implementation>
  </entry>
  <entry>
    <name>Gear/Normal Defense 1</name>
    <implementation class="com.threerings.projectx.item.config.VariantConfig$DefenseTypeBonus">
      <amount>5</amount>
      <depthScale>
        <name>PC/Defense/Variant/Variant Base</name>
      </depthScale>
    </implementation>
  </entry>
  <entry>
    <name>Gear/Normal Defense 2</name>
    <implementation class="com.threerings.projectx.item.config.VariantConfig$DefenseTypeBonus">
      <amount>10</amount>
      <depthScale>
        <name>PC/Defense/Variant/Variant Base +05</name>
      </depthScale>
      <bonus>MEDIUM</bonus>
    </implementation>
  </entry>
  <entry>
    <name>Gear/Normal Defense 3</name>
    <implementation class="com.threerings.projectx.item.config.VariantConfig$DefenseTypeBonus">
      <amount>15</amount>
      <depthScale>
        <name>PC/Defense/Variant/Variant Base +10</name>
      </depthScale>
      <bonus>HIGH</bonus>
    </implementation>
  </entry>
  <entry>
    <name>Gear/Normal Defense 4</name>
    <implementation class="com.threerings.projectx.item.config.VariantConfig$DefenseTypeBonus">
      <amount>25</amount>
      <depthScale>
        <name>PC/Defense/Variant/Variant Base +15</name>
      </depthScale>
      <bonus>MAXIMUM</bonus>
    </implementation>
  </entry>
  <entry>
    <name>Gear/Pierce Defense 1</name>
    <implementation class="com.threerings.projectx.item.config.VariantConfig$DefenseTypeBonus">
      <amount>5</amount>
      <depthScale>
        <name>PC/Defense/Variant/Variant Base</name>
      </depthScale>
      <type>PIERCING</type>
    </implementation>
  </entry>
  <entry>
    <name>Gear/Pierce Defense 2</name>
    <implementation class="com.threerings.projectx.item.config.VariantConfig$DefenseTypeBonus">
      <amount>10</amount>
      <depthScale>
        <name>PC/Defense/Variant/Variant Base +05</name>
      </depthScale>
      <type>PIERCING</type>
      <bonus>MEDIUM</bonus>
    </implementation>
  </entry>
  <entry>
    <name>Gear/Pierce Defense 3</name>
    <implementation class="com.threerings.projectx.item.config.VariantConfig$DefenseTypeBonus">
      <amount>15</amount>
      <depthScale>
        <name>PC/Defense/Variant/Variant Base +10</name>
      </depthScale>
      <type>PIERCING</type>
      <bonus>HIGH</bonus>
    </implementation>
  </entry>
  <entry>
    <name>Gear/Pierce Defense 4</name>
    <implementation class="com.threerings.projectx.item.config.VariantConfig$DefenseTypeBonus">
      <amount>25</amount>
      <depthScale>
        <name>PC/Defense/Variant/Variant Base +15</name>
      </depthScale>
      <type>PIERCING</type>
      <bonus>MAXIMUM</bonus>
    </implementation>
  </entry>
  <entry>
    <name>Gear/Poison Resist 1</name>
    <implementation class="com.threerings.projectx.item.config.VariantConfig$StatusResist">
      <conditionMask>2</conditionMask>
      <resist>5</resist>
      <statusResist>LOW</statusResist>
    </implementation>
  </entry>
  <entry>
    <name>Gear/Poison Resist 2</name>
    <implementation class="com.threerings.projectx.item.config.VariantConfig$StatusResist">
      <conditionMask>2</conditionMask>
      <resist>10</resist>
      <statusResist>MEDIUM</statusResist>
    </implementation>
  </entry>
  <entry>
    <name>Gear/Poison Resist 3</name>
    <implementation class="com.threerings.projectx.item.config.VariantConfig$StatusResist">
      <conditionMask>2</conditionMask>
      <resist>15</resist>
      <statusResist>HIGH</statusResist>
    </implementation>
  </entry>
  <entry>
    <name>Gear/Poison Resist 4</name>
    <implementation class="com.threerings.projectx.item.config.VariantConfig$StatusResist">
      <conditionMask>2</conditionMask>
      <resist>25</resist>
      <statusResist>MAXIMUM</statusResist>
    </implementation>
  </entry>
  <entry>
    <name>Gear/Shadow Defense 1</name>
    <implementation class="com.threerings.projectx.item.config.VariantConfig$DefenseTypeBonus">
      <amount>5</amount>
      <depthScale>
        <name>PC/Defense/Variant/Variant Base</name>
      </depthScale>
      <type>SHADOW</type>
    </implementation>
  </entry>
  <entry>
    <name>Gear/Shadow Defense 2</name>
    <implementation class="com.threerings.projectx.item.config.VariantConfig$DefenseTypeBonus">
      <amount>10</amount>
      <depthScale>
        <name>PC/Defense/Variant/Variant Base +05</name>
      </depthScale>
      <type>SHADOW</type>
      <bonus>MEDIUM</bonus>
    </implementation>
  </entry>
  <entry>
    <name>Gear/Shadow Defense 3</name>
    <implementation class="com.threerings.projectx.item.config.VariantConfig$DefenseTypeBonus">
      <amount>15</amount>
      <depthScale>
        <name>PC/Defense/Variant/Variant Base +10</name>
      </depthScale>
      <type>SHADOW</type>
      <bonus>HIGH</bonus>
    </implementation>
  </entry>
  <entry>
    <name>Gear/Shadow Defense 4</name>
    <implementation class="com.threerings.projectx.item.config.VariantConfig$DefenseTypeBonus">
      <amount>25</amount>
      <depthScale>
        <name>PC/Defense/Variant/Variant Base +15</name>
      </depthScale>
      <type>SHADOW</type>
      <bonus>MAXIMUM</bonus>
    </implementation>
  </entry>
  <entry>
    <name>Gear/Shock Resist 1</name>
    <implementation class="com.threerings.projectx.item.config.VariantConfig$StatusResist">
      <conditionMask>16</conditionMask>
      <resist>5</resist>
      <statusResist>LOW</statusResist>
    </implementation>
  </entry>
  <entry>
    <name>Gear/Shock Resist 2</name>
    <implementation class="com.threerings.projectx.item.config.VariantConfig$StatusResist">
      <conditionMask>16</conditionMask>
      <resist>10</resist>
      <statusResist>MEDIUM</statusResist>
    </implementation>
  </entry>
  <entry>
    <name>Gear/Shock Resist 3</name>
    <implementation class="com.threerings.projectx.item.config.VariantConfig$StatusResist">
      <conditionMask>16</conditionMask>
      <resist>15</resist>
      <statusResist>HIGH</statusResist>
    </implementation>
  </entry>
  <entry>
    <name>Gear/Shock Resist 4</name>
    <implementation class="com.threerings.projectx.item.config.VariantConfig$StatusResist">
      <conditionMask>16</conditionMask>
      <resist>25</resist>
      <statusResist>MAXIMUM</statusResist>
    </implementation>
  </entry>
  <entry>
    <name>Gear/Sleep Resist 1</name>
    <implementation class="com.threerings.projectx.item.config.VariantConfig$StatusResist">
      <conditionMask>256</conditionMask>
      <resist>5</resist>
      <statusResist>LOW</statusResist>
    </implementation>
  </entry>
  <entry>
    <name>Gear/Sleep Resist 2</name>
    <implementation class="com.threerings.projectx.item.config.VariantConfig$StatusResist">
      <conditionMask>256</conditionMask>
      <resist>10</resist>
      <statusResist>MEDIUM</statusResist>
    </implementation>
  </entry>
  <entry>
    <name>Gear/Sleep Resist 3</name>
    <implementation class="com.threerings.projectx.item.config.VariantConfig$StatusResist">
      <conditionMask>256</conditionMask>
      <resist>15</resist>
      <statusResist>HIGH</statusResist>
    </implementation>
  </entry>
  <entry>
    <name>Gear/Sleep Resist 4</name>
    <implementation class="com.threerings.projectx.item.config.VariantConfig$StatusResist">
      <conditionMask>256</conditionMask>
      <resist>25</resist>
      <statusResist>MAXIMUM</statusResist>
    </implementation>
  </entry>
  <entry>
    <name>Gear/Stun Resist 1</name>
    <implementation class="com.threerings.projectx.item.config.VariantConfig$StatusResist">
      <conditionMask>1</conditionMask>
      <resist>5</resist>
      <statusResist>LOW</statusResist>
    </implementation>
  </entry>
  <entry>
    <name>Gear/Stun Resist 2</name>
    <implementation class="com.threerings.projectx.item.config.VariantConfig$StatusResist">
      <conditionMask>1</conditionMask>
      <resist>10</resist>
      <statusResist>MEDIUM</statusResist>
    </implementation>
  </entry>
  <entry>
    <name>Gear/Stun Resist 3</name>
    <implementation class="com.threerings.projectx.item.config.VariantConfig$StatusResist">
      <conditionMask>1</conditionMask>
      <resist>15</resist>
      <statusResist>HIGH</statusResist>
    </implementation>
  </entry>
  <entry>
    <name>Gear/Stun Resist 4</name>
    <implementation class="com.threerings.projectx.item.config.VariantConfig$StatusResist">
      <conditionMask>1</conditionMask>
      <resist>25</resist>
      <statusResist>MAXIMUM</statusResist>
    </implementation>
  </entry>
  <entry>
    <name>Message/Message</name>
    <parameters>
      <entry class="com.threerings.config.Parameter$Direct">
        <name>Message</name>
        <paths>implementation.message</paths>
      </entry>
      <entry class="com.threerings.config.Parameter$Direct">
        <name>Bundle</name>
        <paths>implementation.bundle</paths>
      </entry>
    </parameters>
    <implementation class="com.threerings.projectx.item.config.VariantConfig$Message">
    </implementation>
  </entry>
  <entry>
    <name>Sprite/Bomb Charge Low</name>
    <implementation class="com.threerings.projectx.item.config.VariantConfig$WeaponClass">
      <weaponClass>BOMB</weaponClass>
      <bonus class="com.threerings.projectx.item.config.LevelConfig$ChargeTimeReduction">
        <bonus>LOW</bonus>
      </bonus>
    </implementation>
  </entry>
  <entry>
    <name>Sprite/Bomb Charge Med</name>
    <implementation class="com.threerings.projectx.item.config.VariantConfig$WeaponClass">
      <weaponClass>BOMB</weaponClass>
      <bonus class="com.threerings.projectx.item.config.LevelConfig$ChargeTimeReduction">
        <bonus>MEDIUM</bonus>
      </bonus>
    </implementation>
  </entry>
  <entry>
    <name>Sprite/Bomb Damage Low</name>
    <implementation class="com.threerings.projectx.item.config.VariantConfig$WeaponClass">
      <weaponClass>BOMB</weaponClass>
      <bonus class="com.threerings.projectx.item.config.LevelConfig$RelativeDamageBonus">
        <bonus>LOW</bonus>
      </bonus>
    </implementation>
  </entry>
  <entry>
    <name>Sprite/Bomb Damage Med</name>
    <implementation class="com.threerings.projectx.item.config.VariantConfig$WeaponClass">
      <weaponClass>BOMB</weaponClass>
      <bonus class="com.threerings.projectx.item.config.LevelConfig$RelativeDamageBonus">
        <bonus>MEDIUM</bonus>
      </bonus>
    </implementation>
  </entry>
  <entry>
    <name>Sprite/Def Elemental High</name>
    <implementation class="com.threerings.projectx.item.config.VariantConfig$DefenseTypeBonus">
      <depthScale>
        <name>PC/Defense/Variant/Variant Base +10</name>
      </depthScale>
      <type>ELEMENTAL</type>
      <bonus>HIGH</bonus>
    </implementation>
  </entry>
  <entry>
    <name>Sprite/Def Elemental Low</name>
    <implementation class="com.threerings.projectx.item.config.VariantConfig$DefenseTypeBonus">
      <depthScale>
        <name>PC/Defense/Variant/Variant Base</name>
      </depthScale>
      <type>ELEMENTAL</type>
    </implementation>
  </entry>
  <entry>
    <name>Sprite/Def Elemental Med</name>
    <implementation class="com.threerings.projectx.item.config.VariantConfig$DefenseTypeBonus">
      <depthScale>
        <name>PC/Defense/Variant/Variant Base +05</name>
      </depthScale>
      <type>ELEMENTAL</type>
      <bonus>MEDIUM</bonus>
    </implementation>
  </entry>
  <entry>
    <name>Sprite/Def Normal High</name>
    <implementation class="com.threerings.projectx.item.config.VariantConfig$DefenseTypeBonus">
      <depthScale>
        <name>PC/Defense/Variant/Variant Base +10</name>
      </depthScale>
      <bonus>HIGH</bonus>
    </implementation>
  </entry>
  <entry>
    <name>Sprite/Def Normal Low</name>
    <implementation class="com.threerings.projectx.item.config.VariantConfig$DefenseTypeBonus">
      <depthScale>
        <name>PC/Defense/Variant/Variant Base</name>
      </depthScale>
    </implementation>
  </entry>
  <entry>
    <name>Sprite/Def Normal Med</name>
    <implementation class="com.threerings.projectx.item.config.VariantConfig$DefenseTypeBonus">
      <depthScale>
        <name>PC/Defense/Variant/Variant Base +05</name>
      </depthScale>
      <bonus>MEDIUM</bonus>
    </implementation>
  </entry>
  <entry>
    <name>Sprite/Def Piercing High</name>
    <implementation class="com.threerings.projectx.item.config.VariantConfig$DefenseTypeBonus">
      <depthScale>
        <name>PC/Defense/Variant/Variant Base +10</name>
      </depthScale>
      <type>PIERCING</type>
      <bonus>HIGH</bonus>
    </implementation>
  </entry>
  <entry>
    <name>Sprite/Def Piercing Low</name>
    <implementation class="com.threerings.projectx.item.config.VariantConfig$DefenseTypeBonus">
      <depthScale>
        <name>PC/Defense/Variant/Variant Base</name>
      </depthScale>
      <type>PIERCING</type>
    </implementation>
  </entry>
  <entry>
    <name>Sprite/Def Piercing Med</name>
    <implementation class="com.threerings.projectx.item.config.VariantConfig$DefenseTypeBonus">
      <depthScale>
        <name>PC/Defense/Variant/Variant Base +05</name>
      </depthScale>
      <type>PIERCING</type>
      <bonus>MEDIUM</bonus>
    </implementation>
  </entry>
  <entry>
    <name>Sprite/Def Shadow High</name>
    <implementation class="com.threerings.projectx.item.config.VariantConfig$DefenseTypeBonus">
      <depthScale>
        <name>PC/Defense/Variant/Variant Base +10</name>
      </depthScale>
      <type>SHADOW</type>
      <bonus>HIGH</bonus>
    </implementation>
  </entry>
  <entry>
    <name>Sprite/Def Shadow Low</name>
    <implementation class="com.threerings.projectx.item.config.VariantConfig$DefenseTypeBonus">
      <depthScale>
        <name>PC/Defense/Variant/Variant Base</name>
      </depthScale>
      <type>SHADOW</type>
    </implementation>
  </entry>
  <entry>
    <name>Sprite/Def Shadow Med</name>
    <implementation class="com.threerings.projectx.item.config.VariantConfig$DefenseTypeBonus">
      <depthScale>
        <name>PC/Defense/Variant/Variant Base +05</name>
      </depthScale>
      <type>SHADOW</type>
      <bonus>MEDIUM</bonus>
    </implementation>
  </entry>
  <entry>
    <name>Sprite/Dmg Beast High</name>
    <implementation class="com.threerings.projectx.item.config.VariantConfig$TaggedDamage">
      <bonus>HIGH</bonus>
      <tag>fam_beast</tag>
    </implementation>
  </entry>
  <entry>
    <name>Sprite/Dmg Beast Low</name>
    <implementation class="com.threerings.projectx.item.config.VariantConfig$TaggedDamage">
      <bonus>LOW</bonus>
      <tag>fam_beast</tag>
    </implementation>
  </entry>
  <entry>
    <name>Sprite/Dmg Beast Med</name>
    <implementation class="com.threerings.projectx.item.config.VariantConfig$TaggedDamage">
      <bonus>MEDIUM</bonus>
      <tag>fam_beast</tag>
    </implementation>
  </entry>
  <entry>
    <name>Sprite/Dmg Construct High</name>
    <implementation class="com.threerings.projectx.item.config.VariantConfig$TaggedDamage">
      <bonus>HIGH</bonus>
      <tag>fam_construct</tag>
    </implementation>
  </entry>
  <entry>
    <name>Sprite/Dmg Construct Low</name>
    <implementation class="com.threerings.projectx.item.config.VariantConfig$TaggedDamage">
      <bonus>LOW</bonus>
      <tag>fam_construct</tag>
    </implementation>
  </entry>
  <entry>
    <name>Sprite/Dmg Construct Med</name>
    <implementation class="com.threerings.projectx.item.config.VariantConfig$TaggedDamage">
      <bonus>MEDIUM</bonus>
      <tag>fam_construct</tag>
    </implementation>
  </entry>
  <entry>
    <name>Sprite/Dmg Fiend High</name>
    <implementation class="com.threerings.projectx.item.config.VariantConfig$TaggedDamage">
      <bonus>HIGH</bonus>
      <tag>fam_fiend</tag>
    </implementation>
  </entry>
  <entry>
    <name>Sprite/Dmg Fiend Low</name>
    <implementation class="com.threerings.projectx.item.config.VariantConfig$TaggedDamage">
      <bonus>LOW</bonus>
      <tag>fam_fiend</tag>
    </implementation>
  </entry>
  <entry>
    <name>Sprite/Dmg Fiend Med</name>
    <implementation class="com.threerings.projectx.item.config.VariantConfig$TaggedDamage">
      <bonus>MEDIUM</bonus>
      <tag>fam_fiend</tag>
    </implementation>
  </entry>
  <entry>
    <name>Sprite/Dmg Gremlin High</name>
    <implementation class="com.threerings.projectx.item.config.VariantConfig$TaggedDamage">
      <bonus>HIGH</bonus>
      <tag>fam_gremlin</tag>
    </implementation>
  </entry>
  <entry>
    <name>Sprite/Dmg Gremlin Low</name>
    <implementation class="com.threerings.projectx.item.config.VariantConfig$TaggedDamage">
      <bonus>LOW</bonus>
      <tag>fam_gremlin</tag>
    </implementation>
  </entry>
  <entry>
    <name>Sprite/Dmg Gremlin Med</name>
    <implementation class="com.threerings.projectx.item.config.VariantConfig$TaggedDamage">
      <bonus>MEDIUM</bonus>
      <tag>fam_gremlin</tag>
    </implementation>
  </entry>
  <entry>
    <name>Sprite/Dmg Slime High</name>
    <implementation class="com.threerings.projectx.item.config.VariantConfig$TaggedDamage">
      <bonus>HIGH</bonus>
      <tag>fam_slime</tag>
    </implementation>
  </entry>
  <entry>
    <name>Sprite/Dmg Slime Low</name>
    <implementation class="com.threerings.projectx.item.config.VariantConfig$TaggedDamage">
      <bonus>LOW</bonus>
      <tag>fam_slime</tag>
    </implementation>
  </entry>
  <entry>
    <name>Sprite/Dmg Slime Med</name>
    <implementation class="com.threerings.projectx.item.config.VariantConfig$TaggedDamage">
      <bonus>MEDIUM</bonus>
      <tag>fam_slime</tag>
    </implementation>
  </entry>
  <entry>
    <name>Sprite/Dmg Undead High</name>
    <implementation class="com.threerings.projectx.item.config.VariantConfig$TaggedDamage">
      <bonus>HIGH</bonus>
      <tag>fam_undead</tag>
    </implementation>
  </entry>
  <entry>
    <name>Sprite/Dmg Undead Low</name>
    <implementation class="com.threerings.projectx.item.config.VariantConfig$TaggedDamage">
      <bonus>LOW</bonus>
      <tag>fam_undead</tag>
    </implementation>
  </entry>
  <entry>
    <name>Sprite/Dmg Undead Med</name>
    <implementation class="com.threerings.projectx.item.config.VariantConfig$TaggedDamage">
      <bonus>MEDIUM</bonus>
      <tag>fam_undead</tag>
    </implementation>
  </entry>
  <entry>
    <name>Sprite/Handgun Charge Low</name>
    <implementation class="com.threerings.projectx.item.config.VariantConfig$WeaponClass">
      <weaponClass>HANDGUN</weaponClass>
      <bonus class="com.threerings.projectx.item.config.LevelConfig$ChargeTimeReduction">
        <bonus>LOW</bonus>
      </bonus>
    </implementation>
  </entry>
  <entry>
    <name>Sprite/Handgun Charge Med</name>
    <implementation class="com.threerings.projectx.item.config.VariantConfig$WeaponClass">
      <weaponClass>HANDGUN</weaponClass>
      <bonus class="com.threerings.projectx.item.config.LevelConfig$ChargeTimeReduction">
        <bonus>MEDIUM</bonus>
      </bonus>
    </implementation>
  </entry>
  <entry>
    <name>Sprite/Handgun Damage Low</name>
    <implementation class="com.threerings.projectx.item.config.VariantConfig$WeaponClass">
      <weaponClass>HANDGUN</weaponClass>
      <bonus class="com.threerings.projectx.item.config.LevelConfig$RelativeDamageBonus">
        <bonus>LOW</bonus>
      </bonus>
    </implementation>
  </entry>
  <entry>
    <name>Sprite/Handgun Damage Med</name>
    <implementation class="com.threerings.projectx.item.config.VariantConfig$WeaponClass">
      <weaponClass>HANDGUN</weaponClass>
      <bonus class="com.threerings.projectx.item.config.LevelConfig$RelativeDamageBonus">
        <bonus>MEDIUM</bonus>
      </bonus>
    </implementation>
  </entry>
  <entry>
    <name>Sprite/Handgun Speed Low</name>
    <implementation class="com.threerings.projectx.item.config.VariantConfig$WeaponClass">
      <weaponClass>HANDGUN</weaponClass>
      <bonus class="com.threerings.projectx.item.config.LevelConfig$AttackSpeedChange">
        <bonus>LOW</bonus>
      </bonus>
    </implementation>
  </entry>
  <entry>
    <name>Sprite/Handgun Speed Med</name>
    <implementation class="com.threerings.projectx.item.config.VariantConfig$WeaponClass">
      <weaponClass>HANDGUN</weaponClass>
      <bonus class="com.threerings.projectx.item.config.LevelConfig$AttackSpeedChange">
        <bonus>MEDIUM</bonus>
      </bonus>
    </implementation>
  </entry>
  <entry>
    <name>Sprite/Health +1</name>
    <implementation class="com.threerings.projectx.item.config.VariantConfig$HealthBonus">
    </implementation>
  </entry>
  <entry>
    <name>Sprite/Health +2</name>
    <implementation class="com.threerings.projectx.item.config.VariantConfig$HealthBonus">
      <health>80</health>
    </implementation>
  </entry>
  <entry>
    <name>Sprite/Health +3</name>
    <implementation class="com.threerings.projectx.item.config.VariantConfig$HealthBonus">
      <health>120</health>
    </implementation>
  </entry>
  <entry>
    <name>Sprite/Health +4</name>
    <implementation class="com.threerings.projectx.item.config.VariantConfig$HealthBonus">
      <health>160</health>
    </implementation>
  </entry>
  <entry>
    <name>Sprite/Health +5</name>
    <implementation class="com.threerings.projectx.item.config.VariantConfig$HealthBonus">
      <health>200</health>
    </implementation>
  </entry>
  <entry>
    <name>Sprite/Health +6</name>
    <implementation class="com.threerings.projectx.item.config.VariantConfig$HealthBonus">
      <health>240</health>
    </implementation>
  </entry>
  <entry>
    <name>Sprite/Move Speed Low</name>
    <implementation class="com.threerings.projectx.item.config.VariantConfig$SpeedChange">
      <bonus>LOW</bonus>
    </implementation>
  </entry>
  <entry>
    <name>Sprite/Move Speed Med</name>
    <implementation class="com.threerings.projectx.item.config.VariantConfig$SpeedChange">
      <bonus>MEDIUM</bonus>
    </implementation>
  </entry>
  <entry>
    <name>Sprite/Res Curse High</name>
    <implementation class="com.threerings.projectx.item.config.VariantConfig$StatusResist">
      <conditionMask>32</conditionMask>
      <statusResist>HIGH</statusResist>
    </implementation>
  </entry>
  <entry>
    <name>Sprite/Res Curse Low</name>
    <implementation class="com.threerings.projectx.item.config.VariantConfig$StatusResist">
      <conditionMask>32</conditionMask>
      <statusResist>LOW</statusResist>
    </implementation>
  </entry>
  <entry>
    <name>Sprite/Res Curse Med</name>
    <implementation class="com.threerings.projectx.item.config.VariantConfig$StatusResist">
      <conditionMask>32</conditionMask>
      <statusResist>MEDIUM</statusResist>
    </implementation>
  </entry>
  <entry>
    <name>Sprite/Res Fire High</name>
    <implementation class="com.threerings.projectx.item.config.VariantConfig$StatusResist">
      <conditionMask>4</conditionMask>
      <statusResist>HIGH</statusResist>
    </implementation>
  </entry>
  <entry>
    <name>Sprite/Res Fire Low</name>
    <implementation class="com.threerings.projectx.item.config.VariantConfig$StatusResist">
      <conditionMask>4</conditionMask>
      <statusResist>LOW</statusResist>
    </implementation>
  </entry>
  <entry>
    <name>Sprite/Res Fire Med</name>
    <implementation class="com.threerings.projectx.item.config.VariantConfig$StatusResist">
      <conditionMask>4</conditionMask>
      <statusResist>MEDIUM</statusResist>
    </implementation>
  </entry>
  <entry>
    <name>Sprite/Res Freeze High</name>
    <implementation class="com.threerings.projectx.item.config.VariantConfig$StatusResist">
      <conditionMask>8</conditionMask>
      <statusResist>HIGH</statusResist>
    </implementation>
  </entry>
  <entry>
    <name>Sprite/Res Freeze Low</name>
    <implementation class="com.threerings.projectx.item.config.VariantConfig$StatusResist">
      <conditionMask>8</conditionMask>
      <statusResist>LOW</statusResist>
    </implementation>
  </entry>
  <entry>
    <name>Sprite/Res Freeze Med</name>
    <implementation class="com.threerings.projectx.item.config.VariantConfig$StatusResist">
      <conditionMask>8</conditionMask>
      <statusResist>MEDIUM</statusResist>
    </implementation>
  </entry>
  <entry>
    <name>Sprite/Res Poison High</name>
    <implementation class="com.threerings.projectx.item.config.VariantConfig$StatusResist">
      <conditionMask>2</conditionMask>
      <statusResist>HIGH</statusResist>
    </implementation>
  </entry>
  <entry>
    <name>Sprite/Res Poison Low</name>
    <implementation class="com.threerings.projectx.item.config.VariantConfig$StatusResist">
      <conditionMask>2</conditionMask>
      <statusResist>LOW</statusResist>
    </implementation>
  </entry>
  <entry>
    <name>Sprite/Res Poison Med</name>
    <implementation class="com.threerings.projectx.item.config.VariantConfig$StatusResist">
      <conditionMask>2</conditionMask>
      <statusResist>MEDIUM</statusResist>
    </implementation>
  </entry>
  <entry>
    <name>Sprite/Res Shock High</name>
    <implementation class="com.threerings.projectx.item.config.VariantConfig$StatusResist">
      <conditionMask>16</conditionMask>
      <statusResist>HIGH</statusResist>
    </implementation>
  </entry>
  <entry>
    <name>Sprite/Res Shock Low</name>
    <implementation class="com.threerings.projectx.item.config.VariantConfig$StatusResist">
      <conditionMask>16</conditionMask>
      <statusResist>LOW</statusResist>
    </implementation>
  </entry>
  <entry>
    <name>Sprite/Res Shock Med</name>
    <implementation class="com.threerings.projectx.item.config.VariantConfig$StatusResist">
      <conditionMask>16</conditionMask>
      <statusResist>MEDIUM</statusResist>
    </implementation>
  </entry>
  <entry>
    <name>Sprite/Res Stun High</name>
    <implementation class="com.threerings.projectx.item.config.VariantConfig$StatusResist">
      <conditionMask>1</conditionMask>
      <statusResist>HIGH</statusResist>
    </implementation>
  </entry>
  <entry>
    <name>Sprite/Res Stun Low</name>
    <implementation class="com.threerings.projectx.item.config.VariantConfig$StatusResist">
      <conditionMask>1</conditionMask>
      <statusResist>LOW</statusResist>
    </implementation>
  </entry>
  <entry>
    <name>Sprite/Res Stun Med</name>
    <implementation class="com.threerings.projectx.item.config.VariantConfig$StatusResist">
      <conditionMask>1</conditionMask>
      <statusResist>MEDIUM</statusResist>
    </implementation>
  </entry>
  <entry>
    <name>Sprite/Sword Charge Low</name>
    <implementation class="com.threerings.projectx.item.config.VariantConfig$WeaponClass">
      <bonus class="com.threerings.projectx.item.config.LevelConfig$ChargeTimeReduction">
        <bonus>LOW</bonus>
      </bonus>
    </implementation>
  </entry>
  <entry>
    <name>Sprite/Sword Charge Med</name>
    <implementation class="com.threerings.projectx.item.config.VariantConfig$WeaponClass">
      <bonus class="com.threerings.projectx.item.config.LevelConfig$ChargeTimeReduction">
        <bonus>MEDIUM</bonus>
      </bonus>
    </implementation>
  </entry>
  <entry>
    <name>Sprite/Sword Damage Low</name>
    <implementation class="com.threerings.projectx.item.config.VariantConfig$WeaponClass">
      <bonus class="com.threerings.projectx.item.config.LevelConfig$RelativeDamageBonus">
        <bonus>LOW</bonus>
      </bonus>
    </implementation>
  </entry>
  <entry>
    <name>Sprite/Sword Damage Med</name>
    <implementation class="com.threerings.projectx.item.config.VariantConfig$WeaponClass">
      <bonus class="com.threerings.projectx.item.config.LevelConfig$RelativeDamageBonus">
        <bonus>MEDIUM</bonus>
      </bonus>
    </implementation>
  </entry>
  <entry>
    <name>Sprite/Sword Speed Low</name>
    <implementation class="com.threerings.projectx.item.config.VariantConfig$WeaponClass">
      <bonus class="com.threerings.projectx.item.config.LevelConfig$AttackSpeedChange">
        <bonus>LOW</bonus>
      </bonus>
    </implementation>
  </entry>
  <entry>
    <name>Sprite/Sword Speed Med</name>
    <implementation class="com.threerings.projectx.item.config.VariantConfig$WeaponClass">
      <bonus class="com.threerings.projectx.item.config.LevelConfig$AttackSpeedChange">
        <bonus>MEDIUM</bonus>
      </bonus>
    </implementation>
  </entry>
  <entry>
    <name>Weapon/Attack Speed 1</name>
    <implementation class="com.threerings.projectx.item.config.VariantConfig$AttackSpeedChange">
      <bonus>LOW</bonus>
      <speed>0.02</speed>
    </implementation>
  </entry>
  <entry>
    <name>Weapon/Attack Speed 2</name>
    <implementation class="com.threerings.projectx.item.config.VariantConfig$AttackSpeedChange">
      <bonus>MEDIUM</bonus>
      <speed>0.03</speed>
    </implementation>
  </entry>
  <entry>
    <name>Weapon/Attack Speed 3</name>
    <implementation class="com.threerings.projectx.item.config.VariantConfig$AttackSpeedChange">
      <bonus>HIGH</bonus>
      <speed>0.05</speed>
    </implementation>
  </entry>
  <entry>
    <name>Weapon/Attack Speed 4</name>
    <implementation class="com.threerings.projectx.item.config.VariantConfig$AttackSpeedChange">
      <bonus>VERY_HIGH</bonus>
      <speed>0.08</speed>
    </implementation>
  </entry>
  <entry>
    <name>Weapon/Beast Damage 1</name>
    <implementation class="com.threerings.projectx.item.config.VariantConfig$TaggedDamage">
      <bonus>LOW</bonus>
      <tag>fam_beast</tag>
      <damage>0.05</damage>
    </implementation>
  </entry>
  <entry>
    <name>Weapon/Beast Damage 2</name>
    <implementation class="com.threerings.projectx.item.config.VariantConfig$TaggedDamage">
      <bonus>MEDIUM</bonus>
      <tag>fam_beast</tag>
      <damage>0.1</damage>
    </implementation>
  </entry>
  <entry>
    <name>Weapon/Beast Damage 3</name>
    <implementation class="com.threerings.projectx.item.config.VariantConfig$TaggedDamage">
      <bonus>HIGH</bonus>
      <tag>fam_beast</tag>
      <damage>0.15</damage>
    </implementation>
  </entry>
  <entry>
    <name>Weapon/Beast Damage 4</name>
    <implementation class="com.threerings.projectx.item.config.VariantConfig$TaggedDamage">
      <bonus>VERY_HIGH</bonus>
      <tag>fam_beast</tag>
      <damage>0.25</damage>
    </implementation>
  </entry>
  <entry>
    <name>Weapon/Charge Time 1</name>
    <implementation class="com.threerings.projectx.item.config.VariantConfig$ChargeTimeReduction">
      <bonus>LOW</bonus>
      <reduction>0.05</reduction>
    </implementation>
  </entry>
  <entry>
    <name>Weapon/Charge Time 2</name>
    <implementation class="com.threerings.projectx.item.config.VariantConfig$ChargeTimeReduction">
      <bonus>MEDIUM</bonus>
      <reduction>0.1</reduction>
    </implementation>
  </entry>
  <entry>
    <name>Weapon/Charge Time 3</name>
    <implementation class="com.threerings.projectx.item.config.VariantConfig$ChargeTimeReduction">
      <bonus>HIGH</bonus>
      <reduction>0.15</reduction>
    </implementation>
  </entry>
  <entry>
    <name>Weapon/Charge Time 4</name>
    <implementation class="com.threerings.projectx.item.config.VariantConfig$ChargeTimeReduction">
      <bonus>VERY_HIGH</bonus>
      <reduction>0.2</reduction>
    </implementation>
  </entry>
  <entry>
    <name>Weapon/Construct Damage 1</name>
    <implementation class="com.threerings.projectx.item.config.VariantConfig$TaggedDamage">
      <bonus>LOW</bonus>
      <tag>fam_construct</tag>
      <damage>0.05</damage>
    </implementation>
  </entry>
  <entry>
    <name>Weapon/Construct Damage 2</name>
    <implementation class="com.threerings.projectx.item.config.VariantConfig$TaggedDamage">
      <bonus>MEDIUM</bonus>
      <tag>fam_construct</tag>
      <damage>0.1</damage>
    </implementation>
  </entry>
  <entry>
    <name>Weapon/Construct Damage 3</name>
    <implementation class="com.threerings.projectx.item.config.VariantConfig$TaggedDamage">
      <bonus>HIGH</bonus>
      <tag>fam_construct</tag>
      <damage>0.15</damage>
    </implementation>
  </entry>
  <entry>
    <name>Weapon/Construct Damage 4</name>
    <implementation class="com.threerings.projectx.item.config.VariantConfig$TaggedDamage">
      <bonus>VERY_HIGH</bonus>
      <tag>fam_construct</tag>
      <damage>0.25</damage>
    </implementation>
  </entry>
  <entry>
    <name>Weapon/Fiend Damage 1</name>
    <implementation class="com.threerings.projectx.item.config.VariantConfig$TaggedDamage">
      <bonus>LOW</bonus>
      <tag>fam_fiend</tag>
      <damage>0.05</damage>
    </implementation>
  </entry>
  <entry>
    <name>Weapon/Fiend Damage 2</name>
    <implementation class="com.threerings.projectx.item.config.VariantConfig$TaggedDamage">
      <bonus>MEDIUM</bonus>
      <tag>fam_fiend</tag>
      <damage>0.1</damage>
    </implementation>
  </entry>
  <entry>
    <name>Weapon/Fiend Damage 3</name>
    <implementation class="com.threerings.projectx.item.config.VariantConfig$TaggedDamage">
      <bonus>HIGH</bonus>
      <tag>fam_fiend</tag>
      <damage>0.15</damage>
    </implementation>
  </entry>
  <entry>
    <name>Weapon/Fiend Damage 4</name>
    <implementation class="com.threerings.projectx.item.config.VariantConfig$TaggedDamage">
      <bonus>VERY_HIGH</bonus>
      <tag>fam_fiend</tag>
      <damage>0.25</damage>
    </implementation>
  </entry>
  <entry>
    <name>Weapon/Gremlin Damage 1</name>
    <implementation class="com.threerings.projectx.item.config.VariantConfig$TaggedDamage">
      <bonus>LOW</bonus>
      <tag>fam_gremlin</tag>
      <damage>0.05</damage>
    </implementation>
  </entry>
  <entry>
    <name>Weapon/Gremlin Damage 2</name>
    <implementation class="com.threerings.projectx.item.config.VariantConfig$TaggedDamage">
      <bonus>MEDIUM</bonus>
      <tag>fam_gremlin</tag>
      <damage>0.1</damage>
    </implementation>
  </entry>
  <entry>
    <name>Weapon/Gremlin Damage 3</name>
    <implementation class="com.threerings.projectx.item.config.VariantConfig$TaggedDamage">
      <bonus>HIGH</bonus>
      <tag>fam_gremlin</tag>
      <damage>0.15</damage>
    </implementation>
  </entry>
  <entry>
    <name>Weapon/Gremlin Damage 4</name>
    <implementation class="com.threerings.projectx.item.config.VariantConfig$TaggedDamage">
      <bonus>VERY_HIGH</bonus>
      <tag>fam_gremlin</tag>
      <damage>0.25</damage>
    </implementation>
  </entry>
  <entry>
    <name>Weapon/Slime Damage 1</name>
    <implementation class="com.threerings.projectx.item.config.VariantConfig$TaggedDamage">
      <bonus>LOW</bonus>
      <tag>fam_slime</tag>
      <damage>0.05</damage>
    </implementation>
  </entry>
  <entry>
    <name>Weapon/Slime Damage 2</name>
    <implementation class="com.threerings.projectx.item.config.VariantConfig$TaggedDamage">
      <bonus>MEDIUM</bonus>
      <tag>fam_slime</tag>
      <damage>0.1</damage>
    </implementation>
  </entry>
  <entry>
    <name>Weapon/Slime Damage 3</name>
    <implementation class="com.threerings.projectx.item.config.VariantConfig$TaggedDamage">
      <bonus>HIGH</bonus>
      <tag>fam_slime</tag>
      <damage>0.15</damage>
    </implementation>
  </entry>
  <entry>
    <name>Weapon/Slime Damage 4</name>
    <implementation class="com.threerings.projectx.item.config.VariantConfig$TaggedDamage">
      <bonus>VERY_HIGH</bonus>
      <tag>fam_slime</tag>
      <damage>0.25</damage>
    </implementation>
  </entry>
  <entry>
    <name>Weapon/Undead Damage 1</name>
    <implementation class="com.threerings.projectx.item.config.VariantConfig$TaggedDamage">
      <bonus>LOW</bonus>
      <tag>fam_undead</tag>
      <damage>0.05</damage>
    </implementation>
  </entry>
  <entry>
    <name>Weapon/Undead Damage 2</name>
    <implementation class="com.threerings.projectx.item.config.VariantConfig$TaggedDamage">
      <bonus>MEDIUM</bonus>
      <tag>fam_undead</tag>
      <damage>0.1</damage>
    </implementation>
  </entry>
  <entry>
    <name>Weapon/Undead Damage 3</name>
    <implementation class="com.threerings.projectx.item.config.VariantConfig$TaggedDamage">
      <bonus>HIGH</bonus>
      <tag>fam_undead</tag>
      <damage>0.15</damage>
    </implementation>
  </entry>
  <entry>
    <name>Weapon/Undead Damage 4</name>
    <implementation class="com.threerings.projectx.item.config.VariantConfig$TaggedDamage">
      <bonus>VERY_HIGH</bonus>
      <tag>fam_undead</tag>
      <damage>0.25</damage>
    </implementation>
  </entry>
</object>
</java>
